name,category,latitude,longitude,distance,bike_location,review_count,rating,popularity,price
Prim and Proper,Cocktail Bars,30.254224644988437,-97.74761894020668,80.9270645971565,"30.25495,-97.74755",37,4.5,,$$
Freebirds World Burrito,Mexican,30.25599449026257,-97.74691095991125,131.36328983447814,"30.25495,-97.74755",229,3.5,,$
Pool Burger,Tiki Bars,30.2778,-97.7725899,30.71811563383778,"30.27807,-97.77272",158,3.5,,$$
68 Degrees Kitchen,Italian,30.27786,-97.7729,30.066667103700865,"30.27807,-97.77272",149,3.5,,$$
Tumble 22,American (Traditional),30.27792537649408,-97.77173683047295,95.77027735860186,"30.27807,-97.77272",227,4.0,,$$
JuiceLand,Juice Bars & Smoothies,30.277522,-97.772221,77.51851533442482,"30.27807,-97.77272",140,4.0,,$$
Boteco,Food Trucks,30.263624,-97.763001,114.46834871910156,"30.26406,-97.76385",440,4.5,,$$
Chuy's,Tex-Mex,30.263803,-97.763323,58.12360611768655,"30.26406,-97.76385",1146,4.0,,$$
The Mighty Cone,American (Traditional),30.263598515137577,-97.76299843248755,96.55040652695105,"30.26406,-97.76385",503,3.5,,$
Baby Acapulco,Mexican,30.26306,-97.76237,178.55411491287217,"30.26406,-97.76385",631,3.5,,$$
Barton Springs Bike Rental & Tours,Bike Rentals,30.262926,-97.762963,152.169431669052,"30.26406,-97.76385",309,5.0,,$$
Coat & Thai,Thai,30.263729,-97.762849,114.46834871910156,"30.26406,-97.76385",303,4.0,,$$
Speakeasy,Speakeasies,30.266847,-97.743725,56.622674478117446,"30.26634,-97.74378",294,3.5,,$$
Red Ash,Italian,30.26588,-97.744672,100.29188528803384,"30.26634,-97.74378",1119,4.5,,$$$
Swift's Attic,American (New),30.26563,-97.74337,106.05343237959544,"30.26634,-97.74378",1147,4.0,,$$$
Mort Subite,Pubs,30.265719,-97.7439904,71.94773300380321,"30.26634,-97.74378",124,4.5,,$$
Shiner's Saloon,Bars,30.267053604126,-97.743537902832,80.22208473843129,"30.26634,-97.74378",215,4.0,,$$
Hen House,Cocktail Bars,30.2662488,-97.74459139999999,78.58238889345903,"30.26634,-97.74378",32,4.0,,
Elephant Room,Jazz & Blues,30.26563,-97.74337,106.05343238038023,"30.26634,-97.74378",479,4.0,,$$
The Capital Grille,Steakhouses,30.266178457163313,-97.74446276950118,67.98774394986337,"30.26634,-97.74378",390,4.5,,$$$
Fourth & CO,Chicken Wings,30.26699,-97.74524,158.64691387361245,"30.26634,-97.74378",50,4.0,,
Péché,Lounges,30.26699,-97.74524,158.64691387361245,"30.26634,-97.74378",1310,4.0,,$$
Out of Nowhere ATX,Food Trucks,30.26569,-97.74394,72.53806439931805,"30.26634,-97.74378",15,5.0,,
Comedor,Mexican,30.267721,-97.744204,154.69619620628953,"30.26634,-97.74378",381,4.0,,$$$
RA Sushi Bar Restaurant,Sushi Bars,30.26633,-97.74464,78.58238889345903,"30.26634,-97.74378",702,3.0,,$$
Parker Jazz Club,Jazz & Blues,30.26633,-97.74464,78.58238889467064,"30.26634,-97.74378",148,4.5,,$$
Sushi Junai Omakase,Japanese,30.265615,-97.743268,106.05343237959544,"30.26634,-97.74378",253,4.5,,
Coconut Club,Bars,30.26611,-97.74516,135.78867061007378,"30.26634,-97.74378",49,3.0,,$$$
Tacodeli,Tacos,30.265390291549227,-97.74346584218783,109.82815036604327,"30.26634,-97.74378",138,4.0,,$
Newk's Eatery,Pizza,30.2666386,-97.7436592,35.17123515769538,"30.26634,-97.74378",51,3.5,,$
Truluck's Ocean's Finest Seafood & Crab,Seafood,30.26683,-97.74502,130.2189527789531,"30.26634,-97.74378",994,4.5,,$$$
OneTaco,Tacos,30.265992,-97.742265,149.48143913305802,"30.26634,-97.74378",49,4.5,,
Edge Rooftop,Lounges,30.2643864129296,-97.7436428743045,35.219726525525566,"30.26408,-97.74355",128,4.5,,$$
Corner Restaurant,American (Traditional),30.264563,-97.743205,64.24397977949901,"30.26408,-97.74355",755,4.0,,$$
Dean's Italian Steakhouse,Steakhouses,30.26438,-97.7434,64.24397977949901,"30.26408,-97.74355",98,4.5,,
Cooper's Old Time Pit Bar-B-Que,Barbeque,30.26489,-97.74361,95.982566138245,"30.26408,-97.74355",1756,4.0,,$$
Foxy's Proper Pub,Irish,30.264078,-97.742585,92.91046089211055,"30.26408,-97.74355",58,4.0,,
Fogo De Chao - Austin,Brazilian,30.264824,-97.744512,124.01635819314477,"30.26408,-97.74355",1033,4.0,,$$$
Austin Rotisserie,Comfort Food,30.263536,-97.7435761,60.54188769671197,"30.26408,-97.74355",147,4.5,,$
Cedar Door Patio Bar & Grill,American (Traditional),30.2640756302475,-97.74259017472,92.1831428955908,"30.26408,-97.74355",606,3.5,,$$
The LINE Austin,Hotels,30.26274166951961,-97.74347132527072,149.00709604172295,"30.26408,-97.74355",266,3.0,,$$$
Henbit,American (New),30.26368,-97.74367,48.549773241141054,"30.26408,-97.74355",99,4.0,,$$
Burger Bar On Congress,Burgers,30.264768591761943,-97.7438244220892,80.9768047294716,"30.26408,-97.74355",223,3.5,,$
Fareground At One Eleven,Food Court,30.26368,-97.74367,48.549773241141054,"30.26408,-97.74355",189,4.0,,$$
Little Wu,Dim Sum,30.26374,-97.74365,48.549773241141054,"30.26408,-97.74355",44,3.5,,$$
Forthright,Cafes,30.2627385695963,-97.7431046079346,155.17250536535545,"30.26408,-97.74355",796,4.0,,$$
Tacodeli,Tacos,30.265390291549227,-97.74346584218783,145.9216242386884,"30.26408,-97.74355",138,4.0,,$
TLV Israeli Street food,Middle Eastern,30.2635186,-97.74358,62.4912184849521,"30.26408,-97.74355",187,4.5,,
Mason's Famous Lobster Rolls - Austin,Seafood,30.264626744176333,-97.74473815530227,129.29513669265953,"30.26408,-97.74355",88,4.0,,$$
Veracruz All Natural,Mexican,30.263026,-97.744452,145.74026614408263,"30.26408,-97.74355",302,4.0,,$$
Taco Pegaso,Tacos,30.26374,-97.74365,48.549773241141054,"30.26408,-97.74355",14,4.0,,
JW Marriott Austin,Hotels,30.264551,-97.743317,56.95304952433682,"30.26408,-97.74355",565,4.0,,$$$
Panda Express,Chinese,30.2868489453864,-97.7411366864191,137.26357532800154,"30.28576,-97.74181",17,4.0,,$
Potbelly Sandwich Shop,Sandwiches,30.28687,-97.74191,120.39032703290438,"30.28576,-97.74181",93,4.0,,$
Chipotle Mexican Grill,Mexican,30.2856525015619,-97.742041,25.19625365096093,"30.28576,-97.74181",180,3.0,,$
Medici Roasting,Coffee & Tea,30.2854238617514,-97.7419710043511,40.44778841771033,"30.28576,-97.74181",231,3.5,,$
Union Underground,Bowling,30.286978097909493,-97.74127474342724,144.86910108418996,"30.28576,-97.74181",23,4.0,,
The Eastern,Bars,30.26290851537367,-97.72682144226395,100.79478371837399,"30.26217,-97.72743",54,4.0,,$
Ma’Coco,Mexican,30.26225,-97.7267,70.67279671432391,"30.26217,-97.72743",107,4.0,,$$
Il Brutto,Italian,30.2628204676926,-97.7263318834324,127.88399426839581,"30.26217,-97.72743",412,4.0,,$$$
Cisco's Restaurant Bakery & Bar,Breakfast & Brunch,30.26287,-97.72682,99.28248659205285,"30.26217,-97.72743",356,4.0,,$$
Domo Alley Gato Tatsu-Ya,Japanese,30.263105516749416,-97.7262606294488,153.08255823067498,"30.26217,-97.72743",115,4.0,,$$
Ramen Tatsu-Ya,Ramen,30.26326,-97.72624,155.88913480361074,"30.26217,-97.72743",656,4.0,,$$
Bomb Tacos,Mexican,30.2625294,-97.7270584,55.495237988396575,"30.26217,-97.72743",85,3.0,,$
K-Bop,Korean,30.2829,-97.74238,126.09229816386333,"30.28395,-97.74198",247,4.0,,$
SouthCloud Ramen,Ramen,30.282631,-97.742321,150.27649301459743,"30.28395,-97.74198",165,3.5,,$$
Teji's Indian Restaurant and Grocery,Indian,30.28403,-97.74228,32.164288393148965,"30.28395,-97.74198",465,3.0,,$
Eden Cocktail Room,Speakeasies,30.26778,-97.74072,170.36012476429346,"30.26912,-97.73986",53,4.5,,
Firehouse Lounge,Lounges,30.268173,-97.741043,154.7524183063638,"30.26912,-97.73986",508,4.0,,$$
Eureka!,American (Traditional),30.267842749166107,-97.74124011397362,194.26197782777143,"30.26912,-97.73986",994,4.0,,$$
Atrium Lounge,Lounges,30.268984,-97.740336,48.14928792523876,"30.26912,-97.73986",4,3.5,,$$$
Friends Bar,Music Venues,30.26777,-97.7407999,176.00425639946727,"30.26912,-97.73986",168,4.0,,$$
BBG’s,Sports Bars,30.26776,-97.74057,166.25195476284833,"30.26912,-97.73986",74,3.5,,$$
Omni Austin Hotel Downtown,Hotels,30.26888319760095,-97.74042902587972,60.659608458182895,"30.26912,-97.73986",532,3.0,,$$$
Firehouse Hostel,Hostels,30.268173,-97.741043,154.7524183063638,"30.26912,-97.73986",96,4.0,,
Dinner Elf,Food Delivery Services,30.2688755,-97.7405641,72.879412472759,"30.26912,-97.73986",57,5.0,,$$
Austin Ghost Tours,Walking Tours,30.2689471,-97.7403971,55.047097429560615,"30.26912,-97.73986",89,3.5,,
Spark Bachelor Parties,Party & Event Planning,30.2697,-97.74324,98.77077843323605,"30.26912,-97.73986",16,5.0,,
Pecan Street Festival,Festivals,30.268173,-97.741091,158.31734451428633,"30.26912,-97.73986",72,3.5,,
Voodoo Doughnut,Donuts,30.26775,-97.7407,172.5550014557293,"30.26912,-97.73986",2117,3.5,,$
Heros Gyros,Caterers,30.2678347914042,-97.7387561876969,177.9326969586364,"30.26912,-97.73986",53,4.0,,$
Terry Black's Barbecue,Barbeque,30.2596915716907,-97.7548013627529,128.84685512159092,"30.25971,-97.75346",5575,4.5,,$$
Palmer Events Center,Venues & Event Spaces,30.26024,-97.75382,126.45201415260831,"30.25971,-97.75346",43,4.0,,
The Jackalope,Dive Bars,30.26732,-97.73892,38.769263093301454,"30.26735,-97.73933",1009,3.5,,$$
Shakespeare's Pub,Pubs,30.26752,-97.73971,42.11635735920067,"30.26735,-97.73933",243,3.0,,$
Seven Grand,Whiskey Bars,30.26766,-97.73864,73.32254815383726,"30.26735,-97.73933",100,4.5,,$$
Buckshot,Bars,30.26714,-97.73833,97.85999539093277,"30.26735,-97.73933",114,4.0,,$
Eden Cocktail Room,Speakeasies,30.26778,-97.74072,141.79583655966277,"30.26735,-97.73933",53,4.5,,
Azul Rooftop,Cocktail Bars,30.266635,-97.740319,129.0849530395155,"30.26735,-97.73933",98,4.0,,$$
Midnight Cowboy,Speakeasies,30.266983,-97.740028,67.53284496503439,"30.26735,-97.73933",501,4.0,,$$
Pete's Dueling Piano Bar,Bars,30.266916118202,-97.7386209368706,83.45507616855011,"30.26735,-97.73933",546,4.0,,$$
Chupacabra Cantina Y Tacqueria,Bars,30.267735,-97.739205,44.461293843380275,"30.26735,-97.73933",482,3.5,,$$
Vulcan Gas Company,Bars,30.267162322998,-97.7384643554688,85.66202165442571,"30.26735,-97.73933",97,3.0,,$$
Peckerheads on Sixth,Bars,30.267614,-97.738949,46.91027822676983,"30.26735,-97.73933",47,3.0,,$
Coyote Ugly,Bars,30.2664833068848,-97.7381896972656,146.69668395354188,"30.26735,-97.73933",150,2.0,,$$
The Backspace,Italian,30.26685,-97.74043,110.11181236476293,"30.26735,-97.73933",713,4.0,,$$
Voodoo Room,Bars,30.266626,-97.73870099999999,100.64854974095925,"30.26735,-97.73933",31,2.5,,$$
Touche',Bars,30.26666,-97.73875,91.05291692955038,"30.26735,-97.73933",59,3.5,,$
Eddie V's Prime Seafood,Seafood,30.26620480650315,-97.74060203802871,176.46326645556067,"30.26735,-97.73933",1327,4.5,,$$$
Stella San Jac,American (New),30.266563608088514,-97.74057562761149,148.17832426216435,"30.26735,-97.73933",931,4.0,,$$
The Lodge Austin,Bars,30.26685,-97.73884,79.0492225723511,"30.26735,-97.73933",36,3.5,,$
Antone's Nightclub,Jazz & Blues,30.2660523,-97.7403876,176.45997306863396,"30.26735,-97.73933",116,4.0,,$$
Happy Chicks,Bars,30.26763931258039,-97.740781,143.01472479372015,"30.26735,-97.73933",295,4.0,,$$
Old Thousand,Cocktail Bars,30.2695805,-97.7296569,104.60208054454392,"30.26968,-97.73074",451,4.0,,$$
Franklin Barbecue,Barbeque,30.2701348,-97.7313451068641,77.03488629633866,"30.26968,-97.73074",5723,4.5,,$$
The Victory Grill,American (Traditional),30.2692,-97.72858,33.90130457859117,"30.26896,-97.72843",58,4.5,,
Nickel City,Dive Bars,30.26856,-97.7281,55.76686865802656,"30.26896,-97.72843",132,4.0,,$
Old Thousand,Cocktail Bars,30.2695805,-97.7296569,136.54069388201867,"30.26896,-97.72843",451,4.0,,$$
Hillside Farmacy,American (New),30.2680931091309,-97.7269134521484,173.44632928181082,"30.26896,-97.72843",1009,3.5,,$$
The Frances Modern,Hotels,30.2687289670878,-97.7283888838761,25.9913470609129,"30.26896,-97.72843",20,5.0,,$$$
Try Hard Coffee Roasters,Coffee Roasteries,30.268805,-97.728751,35.03447199938609,"30.26896,-97.72843",116,5.0,,$
Paperboy,Coffee & Tea,30.2684012,-97.72755585318461,104.44296210864259,"30.26896,-97.72843",827,4.5,,$$
Tony's Jamaican Food,Caribbean,30.2687816619873,-97.7279052734375,54.153802796641195,"30.26896,-97.72843",288,4.5,,$$
Quickie Pickie,"Beer, Wine & Spirits",30.268796,-97.727235,116.20231968089224,"30.26896,-97.72843",250,4.0,,$$
Texas Expresso,Coffee & Tea,30.28447,-97.7343,173.65525890711567,"30.2856,-97.7335",36,4.0,,$
Hotel San José,Hotels,30.25066,-97.74966,57.19782035995739,"30.25103,-97.74926",413,4.0,,$$
Lucky Robot,Sushi Bars,30.250851476015615,-97.7490062850641,31.43186052358511,"30.25103,-97.74926",1306,4.0,,$$
Perla's,Seafood,30.24995,-97.74993,139.38019016770747,"30.25103,-97.74926",1799,4.0,,$$$
Continental Club,Dive Bars,30.2504978179932,-97.7490234375,63.07835322837807,"30.25103,-97.74926",374,4.0,,$$
Joann’s Fine Foods,Diners,30.25157,-97.74915,56.30205937654141,"30.25103,-97.74926",283,4.0,,$$
Austin Motel,Hotels,30.25175,-97.7491,72.05015816751177,"30.25103,-97.74926",188,3.5,,$$
Kimber Modern,Hotels,30.250104,-97.748397,132.18742561467948,"30.25103,-97.74926",157,5.0,,$$$
Jo's Hot Coffee Good Food,Juice Bars & Smoothies,30.251045,-97.749371,10.791558010882284,"30.25103,-97.74926",905,4.0,,$
Burro Cheese Kitchen,Sandwiches,30.251704,-97.748737,90.22421178288859,"30.25103,-97.74926",284,4.0,,$
Gelato Paradiso,Desserts,30.24977,-97.75012,162.6447318809266,"30.25103,-97.74926",101,5.0,,$$
Hole in the Wall,Music Venues,30.29005,-97.74161,134.4583809199705,"30.2898,-97.74041",191,4.0,,$
Zombie Taco,Tacos,30.2900268,-97.7412256,93.97717297810486,"30.2898,-97.74041",45,4.0,,
Moody's Kitchen and Bar,Pizza,30.289924222886306,-97.74158495039312,113.65537966820207,"30.2898,-97.74041",46,3.5,,
Moxy Austin - University,Hotels,30.290179970705665,-97.741649,126.24259983522646,"30.2898,-97.74041",39,3.5,,
Cava,Mediterranean,30.2885622487397,-97.741684423978,184.16175277941514,"30.2898,-97.74041",162,4.0,,$$
Littlefield Patio Cafe,Pizza,30.2893128,-97.739742,83.9556266849645,"30.2898,-97.74041",24,3.0,,$
Garage,Cocktail Bars,30.26796,-97.7440893,152.05000568221521,"30.26889,-97.74525",332,4.5,,$$
The Iron Bear,Dance Clubs,30.268522,-97.745513,55.676491988086035,"30.26889,-97.74525",110,4.0,,$
The Roosevelt Room,Cocktail Bars,30.2677,-97.74627,169.94092698896532,"30.26889,-97.74525",673,4.5,,$$$
Comedor,Mexican,30.267721,-97.744204,164.79557471058808,"30.26889,-97.74525",381,4.0,,$$$
The Belmont,Music Venues,30.268566,-97.745682,54.729670451141814,"30.26889,-97.74525",90,3.5,,$$
Lonesome Dove Western Bistro - Austin,American (New),30.2682,-97.74402,137.2222562273642,"30.26889,-97.74525",27,3.5,,
Hole in the Wall,Music Venues,30.29005,-97.74161,129.3678814411075,"30.29068,-97.74292",191,4.0,,$
Zombie Taco,Tacos,30.2900268,-97.7412256,168.7989211552915,"30.29068,-97.74292",45,4.0,,
Madam Mam's - UT West Campus,Thai,30.290923,-97.742225,68.90243147144564,"30.29068,-97.74292",598,3.0,,$$
Kerbey Lane Cafe - University,Tex-Mex,30.29122,-97.7415,145.44705732383946,"30.29068,-97.74292",939,3.5,,$$
Moody's Kitchen and Bar,Pizza,30.289924222886306,-97.74158495039312,153.2764425883623,"30.29068,-97.74292",46,3.5,,
The Pizza Press,Pizza,30.29072,-97.74201,81.43676670471365,"30.29068,-97.74292",228,4.0,,$
Moxy Austin - University,Hotels,30.290179970705665,-97.741649,134.10378516209906,"30.29068,-97.74292",39,3.5,,
Juliet Italian Kitchen,Italian,30.261645819614227,-97.76005464342613,115.0336617719512,"30.262,-97.76118",805,4.0,,$$
Lou’s - Barton Springs,Bars,30.2624471,-97.7616614,67.89141102269113,"30.262,-97.76118",26,4.0,,
SquareRut Kava Bar,Lounges,30.2619680504078,-97.7618099749088,60.608449598736435,"30.262,-97.76118",61,4.0,,$
Austin Eastciders - Barton Springs,Cideries,30.26212,-97.761237,14.422719040072957,"30.262,-97.76118",170,4.0,,$$
International Grub,Food Trucks,30.2619,-97.76167,60.611184080048936,"30.262,-97.76118",10,5.0,,
Baby Acapulco,Mexican,30.26306,-97.76237,167.34321991631555,"30.262,-97.76118",631,3.5,,$$
Pecan Grove RV Park,RV Parks,30.262690080234506,-97.76008401133117,130.2607345747323,"30.262,-97.76118",35,4.5,,
Thom's Market,Convenience Stores,30.26165,-97.7596499,153.71151057745593,"30.262,-97.76118",106,4.5,,$$
JuiceLand,Juice Bars & Smoothies,30.26242,-97.76238,136.19641780939344,"30.262,-97.76118",292,4.5,,$$
Shangri-La,Lounges,30.265049,-97.731573,55.976833093856094,"30.26455,-97.73165",316,4.0,,$$
Pasta Bar,Bars,30.264676,-97.73186,24.498668462808926,"30.26455,-97.73165",26,4.5,,$$$$
Violet Crown Social Club,Lounges,30.26426,-97.73078,90.20596063569394,"30.26455,-97.73165",185,4.5,,$
Buenos Aires Café - Este,Argentine,30.26414,-97.73044,123.66754305818742,"30.26455,-97.73165",754,4.0,,$$
Ah Sing Den,Cocktail Bars,30.26485,-97.7313,47.69028405902757,"30.26455,-97.73165",287,3.5,,$$
Wright Bros Brew & Brew,Coffee & Tea,30.2642705386769,-97.7330322191119,136.33680511754815,"30.26455,-97.73165",312,4.0,,$
Fukumoto Sushi & Yakitori,Sushi Bars,30.2647051303186,-97.731695353373,17.791120878747684,"30.26455,-97.73165",565,4.5,,$$$
Milonga Room,Cocktail Bars,30.264143,-97.730413,127.12954012544519,"30.26455,-97.73165",22,4.0,,
Hopdoddy Burger Bar,Burgers,30.263778687978153,-97.73218363835073,99.91207943259177,"30.26455,-97.73165",75,4.0,,$$
The Guild,Hotels,30.2646177,-97.7319159,26.62341106249374,"30.26455,-97.73165",81,4.0,,$$
East Austin Hotel,Hotels,30.264653,-97.730712,90.81040538561919,"30.26455,-97.73165",55,4.0,,$$
"Snooze, an A.M. Eatery",Breakfast & Brunch,30.263451212488057,-97.73107619508556,134.03267459225478,"30.26455,-97.73165",375,4.0,,$$
Spartan Pizza,Pizza,30.2649398,-97.7320932,60.74896964911962,"30.26455,-97.73165",295,4.0,,$
Tender Thighs,Chicken Shop,30.264986,-97.731585,46.65745900785869,"30.26455,-97.73165",20,4.5,,
Gyu-Kaku Japanese BBQ,Japanese,30.26330221671628,-97.73076913558226,162.504316980787,"30.26455,-97.73165",204,3.5,,$$
True Food Kitchen,American (New),30.26751023,-97.75199286,33.70117471510578,"30.2678,-97.75189",1115,4.5,,$$
Malibu Poke,Poke,30.2662418534904,-97.7533801608977,92.77483293653022,"30.2678,-97.75189",125,4.0,,$$
Nekter Juice Bar,Juice Bars & Smoothies,30.2671755,-97.7520535,71.19429678998004,"30.2678,-97.75189",33,3.5,,$$
Codependent Cocktails + Coffee,Cocktail Bars,30.26770406094419,-97.75080261391412,104.97240242520095,"30.2678,-97.75189",134,3.5,,$$$
The Baked Bear,Ice Cream & Frozen Yogurt,30.2662418597609,-97.75338017467,92.77483293653022,"30.2678,-97.75189",265,4.5,,$$
Merit Coffee,Coffee & Tea,30.267603720343104,-97.7520827261404,28.616740533492433,"30.2678,-97.75189",154,4.0,,$$
Cookbook Bar & Cafe,Cafes,30.266483,-97.751464,152.0509660405425,"30.2678,-97.75189",70,3.5,,$$
Aba - Austin,Mediterranean,30.253507773542832,-97.7478877,168.3813642219142,"30.25222,-97.74881",917,4.5,,
Summer House on Music Lane,Breakfast & Brunch,30.252617768292083,-97.74769522897343,115.85101049042997,"30.25222,-97.74881",125,4.0,,$$
Joann’s Fine Foods,Diners,30.25157,-97.74915,87.79134457058197,"30.25222,-97.74881",283,4.0,,$$
Austin Motel,Hotels,30.25175,-97.7491,76.32592418498938,"30.25222,-97.74881",188,3.5,,$$
Soho House Austin,Social Clubs,30.25357,-97.74803,165.47177987274728,"30.25222,-97.74881",17,3.5,,
Burro Cheese Kitchen,Sandwiches,30.251704,-97.748737,57.80337587811541,"30.25222,-97.74881",284,4.0,,$
Hotel Magdalena,Hotels,30.252437422667033,-97.74763676318021,115.25559795701874,"30.25222,-97.74881",13,2.5,,
Jo's Hot Coffee Good Food,Juice Bars & Smoothies,30.251045,-97.749371,141.32967602793656,"30.25222,-97.74881",905,4.0,,$
The Side Bar,Bars,30.26752,-97.73643,115.21465405737511,"30.26854,-97.73646",141,4.0,,$
Valhalla,Lounges,30.26806,-97.73684,65.45396402552565,"30.26854,-97.73646",43,4.0,,$
Bar 508 Mezcalerita,Bars,30.2686,-97.73665,15.534092798736989,"30.26854,-97.73646",71,4.5,,$$
Cheer Up Charlies,Dive Bars,30.2696098,-97.7363583,119.35647437016468,"30.26854,-97.73646",133,4.0,,$$
Pelons Tex-Mex,Tex-Mex,30.26872,-97.7366,34.268506412575036,"30.26854,-97.73646",558,3.5,,$$
Stubb's Bar-B-Q,Barbeque,30.26857,-97.73617,28.870783397555396,"30.26854,-97.73646",1457,3.5,,$$
Stubb’s Waller Creek Amphitheater,Music Venues,30.26857,-97.73617,28.870783397555396,"30.26854,-97.73646",158,3.5,,$$
Hoboken Pie,Pizza,30.26822,-97.73678,42.98340882950255,"30.26854,-97.73646",679,4.0,,$
Arlo's,Vegan,30.269513,-97.736244,110.16317655935859,"30.26854,-97.73646",663,4.5,,$$
Hotel Indigo Austin Downtown - University,Hotels,30.2689287,-97.7364507,58.579516441117384,"30.26854,-97.73646",141,2.5,,$$
Red River Cultural District,Festivals,30.2666588,-97.7372856,13.637324750555715,"30.26854,-97.73646",4,4.5,,
Holiday Inn Express & Suites Austin Downtown - University,Hotels,30.269237827673287,-97.73703669583118,95.33238967152919,"30.26854,-97.73646",84,2.5,,$$
Bar-B-Q Heaven,Barbeque,30.2672328948975,-97.7371826171875,164.0811273257259,"30.26854,-97.73646",84,4.0,,$
DittyDog,Hot Dogs,30.267395940390514,-97.73691169917582,134.40631921293703,"30.26854,-97.73646",58,5.0,,
Hyatt House Austin Downtown,Hotels,30.26973,-97.73692,137.4508046503062,"30.26854,-97.73646",79,3.0,,$$
The Guild Red River,Hotels,30.26953,-97.73575,142.0355863250495,"30.26854,-97.73646",27,4.0,,$$
Taste From India,Indian,30.267403,-97.7368458,131.7457007407391,"30.26854,-97.73646",50,3.5,,$
Hi Hat Public House,American (New),30.260247611009145,-97.71887075582147,13.998387818884032,"30.26032,-97.71899",252,4.5,,$$
Apt 115,Wine Bars,30.2616,-97.71982,163.13269004238018,"30.26032,-97.71899",78,5.0,,$$
Capital Metropolitan Transportation Authority,Public Transportation,30.25653,-97.70975,43.99852302164739,"30.2563,-97.71007",91,2.5,,
The Grove Wine Bar & Kitchen,Wine Bars,30.27053,-97.750899,44.22013940313207,"30.27041,-97.75046",389,4.0,,$$
The Dogwood,Bars,30.26988,-97.75028,57.3675947550974,"30.27041,-97.75046",193,3.5,,$$
Irene's,Bars,30.269838,-97.751213,96.30519127766797,"30.27041,-97.75046",672,4.0,,$$
The Ranch,Bars,30.2702312774387,-97.7500819055225,41.39265140235772,"30.27041,-97.75046",197,2.5,,$$
J Carver’s,Steakhouses,30.26952488348901,-97.74944737360416,138.36024504871605,"30.27041,-97.75046",142,4.5,,$$$$
Kung Fu Saloon,Arcades,30.2703265,-97.7502847,19.22541595043948,"30.27041,-97.75046",367,3.5,,$$
Taquero Mucho,Mexican,30.27005,-97.75108,71.97290252382538,"30.27041,-97.75046",621,3.5,,$$
Valhalla Esports Lounge,Bars,30.2703921,-97.75002630856027,41.696685448169355,"30.27041,-97.75046",24,4.5,,
Sammie’s Italian,Italian,30.27019,-97.75102,71.09452768956828,"30.27041,-97.75046",178,4.0,,$$$
Whiskey Tango Foxtrot Icehouse,Bars,30.2697646118166,-97.7498506754637,92.59686144942998,"30.27041,-97.75046",52,3.5,,
Asador,Tacos,30.2702542,-97.74971269999999,73.82769992160162,"30.27041,-97.75046",50,4.5,,
Favorite Pizza,Pizza,30.27019,-97.75071,47.85231201359956,"30.27041,-97.75046",58,4.0,,
Verbena,American (New),30.270107,-97.749005,136.62176088739903,"30.27041,-97.75046",156,3.5,,
Key Bar,Bars,30.26972,-97.74934,128.4326290467285,"30.27041,-97.75046",126,3.5,,$$
RIO Night Club + Day Club,Dance Clubs,30.27016,-97.74921,127.0905952262554,"30.27041,-97.75046",119,2.0,,$$
Rustic Tap,Cocktail Bars,30.2697,-97.749188,144.07347967230075,"30.27041,-97.75046",111,3.5,,$$
Lola Savannah Coffee Downtown,Coffee & Tea,30.2705667345778,-97.750951,50.27040237187943,"30.27041,-97.75046",23,3.5,,$$
The Original Hoffbrau,Steakhouses,30.26958,-97.74917,144.22580103283627,"30.27041,-97.75046",149,3.5,,$$
Waltons Fancy and Staple,Delis,30.269513,-97.749035,168.14299198825861,"30.27041,-97.75046",887,4.0,,$$
Hula Hut,Tex-Mex,30.2947120806306,-97.7843958519819,71.60780813391861,"30.29439,-97.78375",1945,3.5,,$$
Abel's On the Lake,Breakfast & Brunch,30.295229057958778,-97.78420730673362,103.1136638510066,"30.29439,-97.78375",673,2.5,,$$
Lake Austin Riverboats,Boat Charters,30.2940049,-97.784154,57.77702560814282,"30.29439,-97.78375",27,4.5,,
Mozart's Coffee Roasters,Coffee & Tea,30.2955449740542,-97.7841031551361,132.82759331049112,"30.29439,-97.78375",1768,4.0,,$$
Moonshine Patio Bar & Grill,Southern,30.263769,-97.738036,156.3300458300892,"30.26438,-97.73657",5618,4.5,,$$
Kinfolk Lounge & Library,Cocktail Bars,30.26386,-97.73796,136.18242307196573,"30.26438,-97.73657",27,4.5,,
Palm Door on Sabine,Venues & Event Spaces,30.26465,-97.73648,20.51779030574606,"30.26438,-97.73657",36,4.5,,
Eighteenth Over Austin,Breakfast & Brunch,30.2649608981765,-97.735447883606,125.64279799996667,"30.26438,-97.73657",14,3.0,,$$
Hilton Austin,Hotels,30.26518329483397,-97.7381032705307,172.22771111418484,"30.26438,-97.73657",542,3.5,,$$$
Hilton Garden Inn Austin Downtown/Convention Center,Hotels,30.2653477753712,-97.7355471253396,145.70736443026595,"30.26438,-97.73657",234,3.0,,$$
Austin Duck Adventures,Tours,30.264632,-97.7373791,82.60373749075653,"30.26438,-97.73657",282,4.0,,
Austin Visitor Center,Visitor Centers,30.265409428547034,-97.73732095018013,135.29277276155392,"30.26438,-97.73657",41,4.0,,
Tiniest Bar in Texas,Bars,30.26957,-97.75303,58.127627698884744,"30.2692,-97.7535",123,4.0,,$
Austin's Habibi,Mediterranean,30.26957,-97.75303,57.652494969641566,"30.2692,-97.7535",218,4.0,,$
Super Burrito on 5th,Food Trucks,30.26957,-97.75303,57.652494969641566,"30.2692,-97.7535",131,3.5,,$$
Edge Rooftop,Lounges,30.2643864129296,-97.7436428743045,181.9649745054933,"30.26332,-97.74508",128,4.5,,$$
Arlo Grey by Kristen Kish,American (New),30.26278,-97.74396,157.79770908262924,"30.26332,-97.74508",373,4.0,,$$$
Veracruz All Natural,Mexican,30.263026,-97.744452,68.60377464301894,"30.26332,-97.74508",302,4.0,,$$
Austin Rotisserie,Comfort Food,30.263536,-97.7435761,146.41924346203032,"30.26332,-97.74508",147,4.5,,$
III Forks,Steakhouses,30.26435,-97.74676,186.17399682945793,"30.26332,-97.74508",580,4.0,,$$$$
P6,Cocktail Bars,30.26278,-97.74396,157.79770908262924,"30.26332,-97.74508",332,3.5,,$$
Henbit,American (New),30.26368,-97.74367,131.07619372429446,"30.26332,-97.74508",99,4.0,,$$
Fareground At One Eleven,Food Court,30.26368,-97.74367,131.07619372429446,"30.26332,-97.74508",189,4.0,,$$
Mason's Famous Lobster Rolls - Austin,Seafood,30.264626744176333,-97.74473815530227,148.9660225372542,"30.26332,-97.74508",88,4.0,,$$
TLV Israeli Street food,Middle Eastern,30.2635186,-97.74358,145.7441001442872,"30.26332,-97.74508",187,4.5,,
Little Wu,Dim Sum,30.26374,-97.74365,131.07619372429446,"30.26332,-97.74508",44,3.5,,$$
Taco Pegaso,Tacos,30.26374,-97.74365,131.07619372429446,"30.26332,-97.74508",14,4.0,,
Alfred,Coffee & Tea,30.26278,-97.74396,157.79770908262924,"30.26332,-97.74508",105,4.0,,$$
Olamaie,Southern,30.2799,-97.74367,76.35860951808091,"30.27924,-97.74371",521,4.0,,$$$
Clay Pit,Indian,30.279073,-97.74232,134.76098199524233,"30.27924,-97.74371",1903,4.0,,$$
i Fratelli Pizza Downtown Austin,Food Delivery Services,30.2780073988805,-97.7444057699312,152.47613331512278,"30.27924,-97.74371",65,4.0,,
Pluckers Wing Bar - Rio Grande,American (Traditional),30.2862846755023,-97.7449311760574,23.90379197501361,"30.2862,-97.74516",486,3.5,,$$
Raku Sushi and Asian Bistro,Sushi Bars,30.28669,-97.74515,61.70888374092831,"30.2862,-97.74516",254,3.5,,$$
Upstairs Circus,Arts & Entertainment,30.26499,-97.74582,99.13173030549768,"30.26476,-97.74678",68,4.5,,
Living Room Lounge - W Hotel Austin,Lounges,30.26535,-97.74671,72.44453732099275,"30.26476,-97.74678",102,3.5,,$$$
Lamberts Downtown Barbecue,Barbeque,30.265235082587214,-97.74790507437532,120.27372987807118,"30.26476,-97.74678",1940,4.0,,$$
The Secret Bar,Bars,30.26535,-97.74671,72.44453732099275,"30.26476,-97.74678",10,3.5,,$$$
III Forks,Steakhouses,30.26435,-97.74676,49.13880990814657,"30.26476,-97.74678",580,4.0,,$$$$
CRÚ Food & Wine Bar,Wine Bars,30.26502,-97.74594,87.99544224726137,"30.26476,-97.74678",330,3.5,,$$
Taverna,Italian,30.26513,-97.74633,60.71067426634771,"30.26476,-97.74678",1096,3.5,,$$
ACL Live at The Moody Theater,Music Venues,30.26526,-97.74699157685393,59.19426782705392,"30.26476,-97.74678",287,4.0,,$$
TRACE Restaurant,American (New),30.2651558,-97.7466468,45.83237170589289,"30.26476,-97.74678",498,3.5,,$$
W Austin,Hotels,30.2654658016233,-97.7467220595245,78.67849689906548,"30.26476,-97.74678",381,3.5,,$$$
The Well,Juice Bars & Smoothies,30.265727245926215,-97.74833726013874,184.21494933085754,"30.26476,-97.74678",214,4.0,,
La Condesa,Mexican,30.2656391,-97.7477811,137.10998873440326,"30.26476,-97.74678",1502,3.5,,$$$
BarChi Sushi,Sushi Bars,30.265278,-97.7454714,138.2474596591852,"30.26476,-97.74678",802,3.5,,$$
Violet Crown Cinema,Cinema,30.26554,-97.74806,171.77164554147635,"30.26476,-97.74678",419,4.0,,$
Yummi Joy,Candy Stores,30.265287774939136,-97.74811937055257,141.3869923794433,"30.26476,-97.74678",58,4.5,,$
3TEN Austin City Limits Live,Venues & Event Spaces,30.26534,-97.74708,103.56133413759117,"30.26476,-97.74678",27,3.5,,$$
sweetgreen,Vegetarian,30.264954,-97.7456859,107.26825004615473,"30.26476,-97.74678",18,4.0,,
Bob's Steak & Chop House - Austin Downtown,Steakhouses,30.2660236358643,-97.7460403442383,157.4454471652508,"30.26476,-97.74678",480,4.0,,$$$
Jo's Coffee Downtown,Coffee & Tea,30.26505,-97.74606,74.66162546716234,"30.26476,-97.74678",589,3.5,,$
Royal Blue Grocery,Grocery,30.265616,-97.7459139,126.40644419906005,"30.26476,-97.74678",115,4.0,,$$
Perry's Steakhouse & Grille - Downtown Austin,Steakhouses,30.26942365826463,-97.74352690000002,160.77245832589202,"30.27048,-97.74467",1388,4.0,,$$$
Capital Metro,Public Transportation,30.2713915350908,-97.7440630452746,116.92275059308314,"30.27048,-97.74467",119,2.0,,
Fulton,Bars,30.26198,-97.73862,52.79061958979816,"30.26211,-97.73875",32,4.0,,
Garrison,American (New),30.262063,-97.738145,52.79061958979816,"30.26211,-97.73875",232,4.5,,
Iron Works Barbecue,Barbeque,30.2622132062534,-97.7389470883606,22.135886419502913,"30.26211,-97.73875",1222,3.5,,$$
Fairmont Austin,Hotels,30.26198,-97.73862,52.79061958979816,"30.26211,-97.73875",524,4.0,,$$$
REVUE,Italian,30.26198,-97.73862,52.79061958979816,"30.26211,-97.73875",129,4.0,,$$
Via 313 Pizza,Pizza,30.26081,-97.73821,153.57546533415382,"30.26211,-97.73875",468,4.5,,$$
Placeholder,Tiki Bars,30.26094239837482,-97.73819686374244,140.2796693175248,"30.26211,-97.73875",11,3.0,,
Rules & Regs,American (New),30.26198,-97.73862,52.79061958979816,"30.26211,-97.73875",42,4.0,,
Stony's Pizza,Pizza,30.26095948970456,-97.7378805544921,152.7716826020115,"30.26211,-97.73875",156,4.0,,$
Downtown Burgers,Burgers,30.262041683395715,-97.73999463814872,119.77892770356311,"30.26211,-97.73875",64,4.0,,$
IHOP,American (Traditional),30.26103,-97.73732,182.43977179014828,"30.26211,-97.73875",229,2.0,,$
Soco Bar & Bites,Cocktail Bars,30.25849,-97.74729,73.29420974760416,"30.25872,-97.74614",16,4.0,,$$
Copper Restaurant & Bar,American (Traditional),30.25849,-97.74729,73.29420974760416,"30.25872,-97.74614",11,2.5,,$$
Embassy Suites by Hilton Austin Downtown South Congress,Hotels,30.2587299,-97.7466501,49.00516911142245,"30.25872,-97.74614",189,3.0,,$$
La Holly,Tacos,30.2591865899542,-97.7144455556234,37.91527730492413,"30.25902,-97.71479",65,4.0,,$$
Taco Flats,Food Trucks,30.25901,-97.71445,31.486757276358627,"30.25902,-97.71479",20,4.5,,$
Cultivo,Caterers,30.2616291046143,-97.7194213867188,150.60889105132392,"30.25902,-97.71479",44,4.5,,
Metrocycle Pedicabs,Pedicabs,30.2603535,-97.7145152,150.60889105132392,"30.25902,-97.71479",29,5.0,,
Uber,Taxis,30.26324,-97.7206,150.60889105132392,"30.25902,-97.71479",149,2.0,,
Kalimotxo,Basque,30.2667775234651,-97.7493870826956,68.48511509259784,"30.26709,-97.74947",85,4.0,,
Hestia,American (New),30.266775,-97.74998,68.48511509259784,"30.26709,-97.74947",227,4.5,,
Trifecta On 3rd,Lounges,30.26744,-97.74941,23.481968874039406,"30.26709,-97.74947",85,3.5,,$$
Polvo's DT,Mexican,30.2673094,-97.7499037,48.27012735943781,"30.26709,-97.74947",225,3.0,,$$
The Peacock,Mediterranean,30.266299,-97.7501055,107.05604682436834,"30.26709,-97.74947",195,4.0,,$$
North Italia,Italian,30.26579507333844,-97.748924,153.23992445362205,"30.26709,-97.74947",628,4.0,,$$
Flower Child,Salad,30.2660361,-97.7496528,118.49589891830193,"30.26709,-97.74947",373,4.0,,$$
La Piscina,Mexican,30.2660716,-97.7499454,114.42100926825887,"30.26709,-97.74947",66,4.0,,
Austin Proper Hotel,Hotels,30.2662104,-97.7500515,112.62756636421074,"30.26709,-97.74947",78,3.5,,
Austin Music Hall,Music Venues,30.26662,-97.74973,44.17667422308454,"30.26709,-97.74947",161,2.0,,$$
Violet Crown Cinema,Cinema,30.26554,-97.74806,195.10802089373445,"30.26709,-97.74947",419,4.0,,$
Codependent Cocktails + Coffee,Cocktail Bars,30.26770406094419,-97.75080261391412,145.05569819703155,"30.26709,-97.74947",134,3.5,,$$$
Juan Pelota,Coffee & Tea,30.26813,-97.74925,114.91602823633659,"30.26709,-97.74947",149,4.0,,$$
Guild City Center,Hotels,30.2661798,-97.7480738,167.9968217566169,"30.26709,-97.74947",38,4.0,,$$
Jester 2nd Floor Dining,Buffets,30.2823941491806,-97.7371261829726,67.49239932729365,"30.28298,-97.73731",16,2.5,,$
Wendy's,Burgers,30.28281,-97.73695,105.9682164191915,"30.28298,-97.73731",12,4.5,,$
Prufrock's Java City,Coffee & Tea,30.2829739823808,-97.7379328586676,59.81172982147644,"30.28298,-97.73731",39,2.5,,$
Mohawk,Music Venues,30.2701302,-97.7359046,57.36987242671954,"30.27018,-97.73531",258,4.0,,$$
Cheer Up Charlies,Dive Bars,30.2696098,-97.7363583,118.97493368311474,"30.27018,-97.73531",133,4.0,,$$
Pelons Tex-Mex,Tex-Mex,30.26872,-97.7366,190.8321381982811,"30.27018,-97.73531",558,3.5,,$$
Arlo's,Vegan,30.269513,-97.736244,116.38799286774531,"30.27018,-97.73531",663,4.5,,$$
The backYard at Waller Creek,Food Trucks,30.270172,-97.734031,122.83107482209367,"30.27018,-97.73531",24,3.5,,$$
The Landmark,American (New),30.2706,-97.73423,122.87790444977523,"30.27018,-97.73531",2,3.0,,$$
The Guild Red River,Hotels,30.26953,-97.73575,71.16589970630986,"30.27018,-97.73531",27,4.0,,$$
Hotel Indigo Austin Downtown - University,Hotels,30.2689287,-97.7364507,161.51257053648052,"30.27018,-97.73531",141,2.5,,$$
Sheraton Austin Hotel at the Capitol,Hotels,30.27034910950312,-97.7341883024051,109.35026055195698,"30.27018,-97.73531",322,2.5,,$$
Hyatt House Austin Downtown,Hotels,30.26973,-97.73692,150.22424529844258,"30.27018,-97.73531",79,3.0,,$$
The Mean Eyed Cat,Music Venues,30.27452,-97.76496,43.543852427368385,"30.27454,-97.7645",312,4.0,,$$
El Arroyo 5th Street,Mexican,30.2748811,-97.7644571,38.151624829766085,"30.27454,-97.7645",544,2.5,,$$
Donn's Depot,Dive Bars,30.27413,-97.76333,120.31183804059391,"30.27454,-97.7645",161,4.5,,$
PubCrawler of Austin,Bike tours,30.27488,-97.76334,113.41489128388805,"30.27454,-97.7645",199,5.0,,
Metcalf Barbecue ,Barbeque,30.27452,-97.76496,43.55811745265036,"30.27454,-97.7645",13,4.0,,
car2go Austin,Car Rental,30.275723,-97.765279,151.32665693935388,"30.27454,-97.7645",142,2.5,,
East Side Pies,Pizza,30.2687694,-97.7240819,39.902525081331355,"30.26908,-97.72429",677,4.0,,$
Micklethwait Craft Meats,Food Trucks,30.26846,-97.72518,98.69148430281633,"30.26908,-97.72429",1038,4.5,,$$
Juniper,Italian,30.254867,-97.717182,75.00340334414228,"30.25544,-97.71677",615,4.0,,$$$$
Atmosphere Coworking,Shared Office Spaces,30.2549608,-97.7175678,93.33310816740466,"30.25544,-97.71677",4,5.0,,
The Vegan Nom,Vegan,30.255168,-97.718217,142.23550678367934,"30.25544,-97.71677",577,4.5,,$$
Blue Owl Brewing,Breweries,30.254581,-97.716934,96.80649622177849,"30.25544,-97.71677",202,4.5,,$$
Counter Culture,Vegan,30.25466247916867,-97.71789499059172,138.3850494031725,"30.25544,-97.71677",910,4.5,,$$
Nom Burgers,Vegan,30.2550902,-97.7182267,145.2202843884721,"30.25544,-97.71677",27,4.0,,
Milky Way Shakes,Ice Cream & Frozen Yogurt,30.255104,-97.7182267,144.8168228024071,"30.25544,-97.71677",116,4.5,,$$
la Barbecue,Barbeque,30.254567906398993,-97.71758249806659,124.47418119816196,"30.25544,-97.71677",2791,4.5,,$$
Nido,American (New),30.2640871,-97.7567378,74.10564167534284,"30.26437,-97.75624",53,4.0,,
The Loren at Lady Bird Lake,Hotels,30.2640871,-97.7567378,74.10564167534284,"30.26437,-97.75624",9,3.5,,
Drop Kick,Cocktail Bars,30.26263,-97.7248,45.183684278429446,"30.2627,-97.7243",96,4.5,,
The Liberty,Bars,30.2626674,-97.7251338,80.16150267495247,"30.2627,-97.7243",276,4.0,,$
The Grackle,Dive Bars,30.26258,-97.72417,12.102147193256172,"30.2627,-97.7243",174,3.5,,$
Yellow Jacket Social Club,Lounges,30.26159,-97.72456,115.33155436234057,"30.2627,-97.7243",435,4.0,,$
East Side King,Asian Fusion,30.2626674,-97.7251338,80.16150267495247,"30.2627,-97.7243",537,4.0,,$$
Nasha,Indian,30.26379,-97.7248,128.24713703920892,"30.2627,-97.7243",516,4.0,,$$
Zilker Brewing Company and Taproom,Breweries,30.262096,-97.72454,77.34665722517973,"30.2627,-97.7243",300,4.5,,$$
Suerte,Mexican,30.26228,-97.72331,114.72274646712238,"30.2627,-97.7243",870,4.5,,$$$
Spicy Boys Fried Chicken - East 6th,Chicken Shop,30.2621200840611,-97.724519893527,67.85389706366136,"30.2627,-97.7243",208,4.5,,$$
Gin Bar,Bars,30.26169,-97.72284,173.82357248553703,"30.2627,-97.7243",28,4.0,,
ARRIVE Austin,Hotels,30.26169,-97.72284,173.82357248553703,"30.2627,-97.7243",39,4.5,,
Via 313 Pizza,Pizza,30.262117199946488,-97.7231796454027,125.60879890933988,"30.2627,-97.7243",427,4.5,,$$
Tamale House East,Mexican,30.2615296296076,-97.7244004474619,130.49618817002354,"30.2627,-97.7243",518,3.5,,$$
Blenders and Bowls - Eastside,Acai Bowls,30.262586876364,-97.7256753320463,132.68674819090157,"30.2627,-97.7243",83,4.0,,$$
Sentral East Austin at 1614 E. Sixth,Apartments,30.262863290597508,-97.72555569320392,121.95786859773827,"30.2627,-97.7243",6,3.0,,
Cafe Blue - Downtown,Seafood,30.26365,-97.74084,76.54448295459513,"30.26428,-97.74033",346,3.5,,$$
Mai Thai Restaurant,Thai,30.26427,-97.74127,92.55747281720572,"30.26428,-97.74033",776,4.0,,$$
J Prime Steakhouse - Austin,Steakhouses,30.264809599995186,-97.74160646441463,136.00196246417946,"30.26428,-97.74033",46,4.5,,
Gus's World Famous Fried Chicken - Austin,Southern,30.2634862,-97.7417305,160.88027172243602,"30.26428,-97.74033",3003,4.5,,$$
Maiko Sushi,Sushi Bars,30.26427,-97.74127,92.55747281720572,"30.26428,-97.74033",31,4.0,,
P.F. Chang's,Chinese,30.2637817241498,-97.7414131164551,117.8581292179414,"30.26428,-97.74033",382,3.0,,$$
Vince Young Steakhouse,Steakhouses,30.26485,-97.74115,91.13969136056176,"30.26428,-97.74033",653,4.0,,$$$
Fleming’s Prime Steakhouse & Wine Bar,Steakhouses,30.2637205667131,-97.7410619650297,93.86920282221828,"30.26428,-97.74033",395,4.0,,$$$$
Hyatt Place Austin Downtown,Hotels,30.26455,-97.741781,142.55130150045298,"30.26428,-97.74033",223,4.0,,$$
Champions Restaurant & Sports Bar,American (New),30.265668,-97.740414,141.92681401136593,"30.26428,-97.74033",2,3.0,,
Fuego,Dance Clubs,30.2634085714817,-97.7411871403456,129.2367605491252,"30.26428,-97.74033",3,3.5,,$$$
Café Crêpe,Creperies,30.2638586673367,-97.7418548134918,153.7550558562586,"30.26428,-97.74033",971,4.0,,$$
Austin Convention Center,Venues & Event Spaces,30.26357,-97.739607,105.13972576477045,"30.26428,-97.74033",98,4.0,,
The Dinner Detective,Dinner Theater,30.2656,-97.74087,141.92681401136593,"30.26428,-97.74033",30,4.0,,
Railyard Oasis,Hotels,30.265504,-97.741854,199.86578720684886,"30.26428,-97.74033",7,3.0,,$$
Emmer & Rye,Tapas/Small Plates,30.256941357994524,-97.73933237013149,136.32313415773527,"30.25579,-97.73982",813,4.0,,$$$
Salvation Pizza - Rainey Street,Pizza,30.25684,-97.73938,135.2187287841037,"30.25579,-97.73982",200,3.5,,$$
Anthem,American (Traditional),30.260499502500732,-97.7379465429382,33.720928696152626,"30.26078,-97.73808",536,4.5,,$$
Clive,Bars,30.25999,-97.73849,96.26616993941448,"30.26078,-97.73808",294,4.0,,$$
Lustre Pearl,Bars,30.2606455716823,-97.7382776743979,24.163570619660725,"30.26078,-97.73808",136,3.0,,$$
Placeholder,Tiki Bars,30.26094239837482,-97.73819686374244,21.261799399091373,"30.26078,-97.73808",11,3.0,,
Via 313 Pizza,Pizza,30.26081,-97.73821,12.923595383314892,"30.26078,-97.73808",468,4.5,,$$
Idle Hands,Cuban,30.259519,-97.738185,141.24913239287994,"30.26078,-97.73808",46,4.0,,
Fulton,Bars,30.26198,-97.73862,150.24950601722495,"30.26078,-97.73808",32,4.0,,
Garrison,American (New),30.262063,-97.738145,150.24950601722495,"30.26078,-97.73808",232,4.5,,
Geraldine's,American (New),30.26029,-97.73927,135.15777371025516,"30.26078,-97.73808",511,3.5,,$$$
REVUE,Italian,30.26198,-97.73862,150.24950601722495,"30.26078,-97.73808",129,4.0,,$$
Electric Shuffle Austin,Bars,30.26048,-97.73894,96.01850222238677,"30.26078,-97.73808",22,4.5,,
Fairmont Austin,Hotels,30.26198,-97.73862,150.24950601722495,"30.26078,-97.73808",524,4.0,,$$$
The Drafting Room,Wine Bars,30.25994,-97.7386,108.1088471735076,"30.26078,-97.73808",43,4.0,,$$
NADC Burger,Burgers,30.259519,-97.738185,141.24913239287994,"30.26078,-97.73808",14,4.0,,
BOCA,Food Trucks,30.2603574112155,-97.7385978796388,68.42517577457063,"30.26078,-97.73808",35,4.5,,$
Tommy Want Wingy,Chicken Wings,30.26068624204496,-97.73838203748649,30.825252146821033,"30.26078,-97.73808",368,4.0,,$
Hotel Van Zandt,Hotels,30.2601536042207,-97.7389892523869,111.7030952702598,"30.26078,-97.73808",391,3.5,,$$$
Bummer Burrito,Food Trucks,30.25986,-97.73806,105.08650676341541,"30.26078,-97.73808",38,4.5,,
Stagger Lee,Bars,30.2596832436618,-97.738326667815,124.23342454363981,"30.26078,-97.73808",33,3.5,,$$
Rules & Regs,American (New),30.26198,-97.73862,150.24950601722495,"30.26078,-97.73808",42,4.0,,
Ego's,Dive Bars,30.25628,-97.74761,186.40604448454405,"30.25759,-97.74898",292,3.0,,$$
Extended Stay America,Hotels,30.256941,-97.750076,130.96583050679328,"30.25759,-97.74898",57,2.0,,$$
Extended Stay America - Austin - Downtown - Town Lake,Hotels,30.2569408416748,-97.7500762939453,130.97573285066795,"30.25759,-97.74898",40,2.0,,$$
Jade Room,Bars,30.243746,-97.752289,171.13009314845365,"30.24496,-97.75127",8,3.5,,$$
Magnolia Cafe South,Breakfast & Brunch,30.2446738918801,-97.7519036373102,68.67939537638786,"30.24496,-97.75127",1771,3.5,,$$
June's,Breakfast & Brunch,30.2463083255216,-97.7511458576444,150.4002859148229,"30.24496,-97.75127",430,4.0,,$$$
Torchy's Tacos,Tacos,30.24540581007827,-97.75162356438081,60.090277111573236,"30.24496,-97.75127",968,4.0,,$$
Big Vinny's BBQ,Barbeque,30.2459408,-97.7514741,110.80808032691353,"30.24496,-97.75127",120,4.5,,$$
C-Boys Heart & Soul,Dive Bars,30.243746,-97.752289,171.13009314845365,"30.24496,-97.75127",102,3.5,,$
The Salty Donut,Donuts,30.24419,-97.75207,119.87271683619271,"30.24496,-97.75127",239,4.5,,
Raku Sushi and Asian Bistro,Sushi Bars,30.28669,-97.74515,163.9952090192788,"30.2854,-97.74673",254,3.5,,$$
Les Bobos Crepes,Creperies,30.292411566467,-97.7440443470244,79.10830001740167,"30.29312,-97.74412",69,4.5,,
Arab Cowboy Cafe & Hookah Lounge,Hookah Bars,30.2879009246826,-97.7470092773438,77.90590862435559,"30.28731,-97.7465",110,3.5,,$$
Raku Sushi and Asian Bistro,Sushi Bars,30.28669,-97.74515,116.91721045777761,"30.28731,-97.7465",254,3.5,,$$
Upstairs at Caroline,Cocktail Bars,30.26873,-97.74217,163.542126780769,"30.26756,-97.7415",462,4.5,,$$
Firehouse Lounge,Lounges,30.268173,-97.741043,81.22061209564163,"30.26756,-97.7415",508,4.0,,$$
Eden Cocktail Room,Speakeasies,30.26778,-97.74072,78.80189181249864,"30.26756,-97.7415",53,4.5,,
Eureka!,American (Traditional),30.267842749166107,-97.74124011397362,40.1424986532962,"30.26756,-97.7415",994,4.0,,$$
Here Nor There,Cocktail Bars,30.26847,-97.74139,104.45889339666786,"30.26756,-97.7415",217,4.5,,$$
Friends Bar,Music Venues,30.26777,-97.7407999,60.88720758857759,"30.26756,-97.7415",168,4.0,,$$
The Driskill Bar,Lounges,30.26855810829781,-97.74163316149262,111.71880417768062,"30.26756,-97.7415",430,4.0,,$$
Azul Rooftop,Cocktail Bars,30.266635,-97.740319,150.30527050970304,"30.26756,-97.7415",98,4.0,,$$
Thompson Austin,Hotels,30.26689,-97.74077,98.31087154153059,"30.26756,-97.7415",19,4.0,,
Happy Chicks,Bars,30.26763931258039,-97.740781,69.61137859728647,"30.26756,-97.7415",295,4.0,,$$
BBG’s,Sports Bars,30.26776,-97.74057,82.224104787697,"30.26756,-97.7415",74,3.5,,$$
The Driskill Grill,American (New),30.2686613206705,-97.7417146061516,124.18333642847989,"30.26756,-97.7415",225,4.0,,$$$$
Floppy Disk Repair,Bars,30.266584,-97.742075,121.76752541507653,"30.26756,-97.7415",194,3.5,,$$
Small Victory,Cocktail Bars,30.2689112,-97.7416833,151.27414532003274,"30.26756,-97.7415",149,4.5,,$$
Diner Bar,American (New),30.266780847868848,-97.74132597060029,88.23502674774709,"30.26756,-97.7415",46,4.0,,
Darwin's Pub,Pubs,30.2671718597412,-97.7406845092773,86.5228981403621,"30.26756,-97.7415",123,3.5,,$
Midnight Cowboy,Speakeasies,30.266983,-97.740028,156.36131626773596,"30.26756,-97.7415",501,4.0,,$$
The Driskill,Hotels,30.26816569330237,-97.74175793799918,71.76100229290817,"30.26756,-97.7415",593,4.0,,$$$
The Backspace,Italian,30.26685,-97.74043,121.55174712150527,"30.26756,-97.7415",713,4.0,,$$
Caroline,Bakeries,30.26873,-97.74217,163.542126780769,"30.26756,-97.7415",1141,4.5,,$$
Aussie's Grill & Beach Bar,Bars,30.25898,-97.74808,79.62986468832172,"30.25866,-97.74895",204,3.0,,$$
Upstairs at Caroline,Cocktail Bars,30.26873,-97.74217,85.50060479744201,"30.26822,-97.74285",462,4.5,,$$
Garage,Cocktail Bars,30.26796,-97.7440893,122.47884477251327,"30.26822,-97.74285",332,4.5,,$$
Punch Bowl Social Austin,Gastropubs,30.26794,-97.7431,45.052313306849086,"30.26822,-97.74285",103,3.5,,$$
Roaring Fork,American (Traditional),30.2691239366193,-97.74220162455123,118.23739615276182,"30.26822,-97.74285",1245,4.0,,$$$
Here Nor There,Cocktail Bars,30.26847,-97.74139,123.26156950350581,"30.26822,-97.74285",217,4.5,,$$
Velvet Taco,American (New),30.26795853,-97.74317242,42.47440337111817,"30.26822,-97.74285",395,4.5,,$$
Caroline,Bakeries,30.26873,-97.74217,85.50060479744201,"30.26822,-97.74285",1141,4.5,,$$
The Driskill Bar,Lounges,30.26855810829781,-97.74163316149262,122.75907750513906,"30.26822,-97.74285",430,4.0,,$$
Small Victory,Cocktail Bars,30.2689112,-97.7416833,135.87207236803724,"30.26822,-97.74285",149,4.5,,$$
Shiner's Saloon,Bars,30.267053604126,-97.743537902832,148.24093267262916,"30.26822,-97.74285",215,4.0,,$$
The Driskill Grill,American (New),30.2686613206705,-97.7417146061516,119.57235244389324,"30.26822,-97.74285",225,4.0,,$$$$
Stephen F's Bar and Terrace,Bars,30.2691040039062,-97.7419586181641,124.31982953862465,"30.26822,-97.74285",65,4.0,,$$
Comedor,Mexican,30.267721,-97.744204,152.356683570067,"30.26822,-97.74285",381,4.0,,$$$
Ruth's Chris Steak House,Steakhouses,30.2680568,-97.7434864,63.75469223296934,"30.26822,-97.74285",430,3.5,,$$$$
Jimmy John's,Sandwiches,30.267695,-97.74266,58.209655129902956,"30.26822,-97.74285",112,3.0,,$
The Driskill,Hotels,30.26816569330237,-97.74175793799918,105.05121631517954,"30.26822,-97.74285",593,4.0,,$$$
Aloft Austin Downtown,Hotels,30.26868,-97.742175,82.57402930003558,"30.26822,-97.74285",146,3.5,,$$
Perry's Steakhouse & Grille - Downtown Austin,Steakhouses,30.26942365826463,-97.74352690000002,148.7922613011372,"30.26822,-97.74285",1388,4.0,,$$$
Element Austin Downtown,Hotels,30.26872,-97.74208,89.75596864042691,"30.26822,-97.74285",83,4.0,,$$
The Coffeehouse at Caroline,Coffee & Tea,30.268781144582558,-97.74234076871808,79.27771341181052,"30.26822,-97.74285",18,4.5,,
Quattro Gatti Ristorante e Pizzeria,Italian,30.271351,-97.742053,157.93148379405434,"30.2726,-97.74127",433,3.5,,$$
Quiznos,Sandwiches,30.27173,-97.74172,108.05117496507725,"30.2726,-97.74127",25,3.0,,$
Higher Ground,Tapas/Small Plates,30.26978,-97.7424,26.132444590879427,"30.26978,-97.74224",129,4.0,,
Upstairs at Caroline,Cocktail Bars,30.26873,-97.74217,104.41523672991586,"30.26978,-97.74224",462,4.5,,$$
Roaring Fork,American (Traditional),30.2691239366193,-97.74220162455123,73.04386983230174,"30.26978,-97.74224",1245,4.0,,$$$
Small Victory,Cocktail Bars,30.2689112,-97.7416833,110.41282773004228,"30.26978,-97.74224",149,4.5,,$$
Stephen F's Bar and Terrace,Bars,30.2691040039062,-97.7419586181641,84.2098708801447,"30.26978,-97.74224",65,4.0,,$$
Here Nor There,Cocktail Bars,30.26847,-97.74139,155.3046401394163,"30.26978,-97.74224",217,4.5,,$$
The Driskill Bar,Lounges,30.26855810829781,-97.74163316149262,147.83920067050784,"30.26978,-97.74224",430,4.0,,$$
Caroline,Bakeries,30.26873,-97.74217,104.41523672991586,"30.26978,-97.74224",1141,4.5,,$$
The Driskill Grill,American (New),30.2686613206705,-97.7417146061516,134.23502596737475,"30.26978,-97.74224",225,4.0,,$$$$
Perry's Steakhouse & Grille - Downtown Austin,Steakhouses,30.26942365826463,-97.74352690000002,129.7837335948713,"30.26978,-97.74224",1388,4.0,,$$$
Chi'Lantro,Korean,30.27007,-97.74187,99.15039059466929,"30.26978,-97.74224",740,4.0,,$
Paramount Theatre For the Performing Arts,Performing Arts,30.26945,-97.742127,38.265324829231574,"30.26978,-97.74224",228,4.0,,
Aloft Austin Downtown,Hotels,30.26868,-97.742175,122.47346714560912,"30.26978,-97.74224",146,3.5,,$$
Element Austin Downtown,Hotels,30.26872,-97.74208,125.22915469885554,"30.26978,-97.74224",83,4.0,,$$
The Austin Club,American (Traditional),30.270942,-97.7408389,186.546011752847,"30.26978,-97.74224",29,4.5,,$$$
The Coffeehouse at Caroline,Coffee & Tea,30.268781144582558,-97.74234076871808,111.48832903141962,"30.26978,-97.74224",18,4.5,,
The Hideout Coffeehouse,Coffee & Tea,30.26856,-97.74215,131.15287113305132,"30.26978,-97.74224",357,4.0,,$
The Hideout Theatre,Performing Arts,30.2685699462891,-97.7421493530273,131.15287113305132,"30.26978,-97.74224",125,4.5,,$
7-Eleven,Convenience Stores,30.2705487475455,-97.7416310085983,103.57287820789335,"30.26978,-97.74224",3,2.5,,$
Moody Amphitheater,Stadiums & Arenas,30.274510328196396,-97.7361918,64.05692063702027,"30.2741,-97.73666",20,3.0,,$$$
Lobby Bar,Bars,30.247746015893096,-97.74987414335963,132.93745256782165,"30.24891,-97.75019",1,5.0,,
Perla's,Seafood,30.24995,-97.74993,118.64234387425672,"30.24891,-97.75019",1799,4.0,,$$$
Hopdoddy Burger Bar,Burgers,30.249649,-97.749907,86.55251151790837,"30.24891,-97.75019",5150,4.0,,$$
More Home Slice Pizza,Pizza,30.249255,-97.749626,66.38212562336923,"30.24891,-97.75019",545,4.5,,$
Güero's Taco Bar,Mexican,30.249373,-97.750189,51.48328354336731,"30.24891,-97.75019",1849,3.0,,$$
Home Slice Pizza,Pizza,30.2492254,-97.74955321609525,70.50724812947632,"30.24891,-97.75019",4458,4.5,,$$
Gelato Paradiso,Desserts,30.24977,-97.75012,95.86362448864614,"30.24891,-97.75019",101,5.0,,$$
Group Therapy,Bars,30.267223,-97.746064,107.30480540482311,"30.26727,-97.74718",101,3.5,,
The Roosevelt Room,Cocktail Bars,30.2677,-97.74627,95.1829694038379,"30.26727,-97.74718",673,4.5,,$$$
DeSano Pizzeria Napoletana,Pizza,30.266290057218676,-97.7459750033982,158.95139522063195,"30.26727,-97.74718",298,4.5,,$$
Rain on 4th,Gay Bars,30.266515,-97.745681,164.8289642561273,"30.26727,-97.74718",205,3.5,,$$
Perfect Strangers,Cocktail Bars,30.26724,-97.74605,107.30480540482311,"30.26727,-97.74718",8,2.5,,
Halcyon,Coffee & Tea,30.2669600634204,-97.7457208584112,144.3076461882886,"30.26727,-97.74718",886,3.5,,$$
The Belmont,Music Venues,30.268566,-97.745682,203.83006981045048,"30.26727,-97.74718",90,3.5,,$$
Bob's Steak & Chop House - Austin Downtown,Steakhouses,30.2660236358643,-97.7460403442383,176.59633346774754,"30.26727,-97.74718",480,4.0,,$$$
Guild City Center,Hotels,30.2661798,-97.7480738,148.53834286476706,"30.26727,-97.74718",38,4.0,,$$
Aussie's Grill & Beach Bar,Bars,30.25898,-97.74808,149.17294593860186,"30.25941,-97.74971",204,3.0,,$$
Sandy's Hamburgers,Burgers,30.2584,-97.75099,172.83379868591697,"30.25941,-97.74971",493,3.5,,$
Texas Monthly BBQ Festival,Festivals,30.26069,-97.75052,162.49059798470358,"30.25941,-97.74971",15,4.5,,
La Quinta Inn by Wyndham Austin Capitol / Downtown,Hotels,30.272241,-97.738188,125.13073195603509,"30.27336,-97.73805",164,2.0,,$$
