name,category,latitude,longitude,distance,bike_location,rating,popularity,price
G-M Steakhouse,Restaurant,30.272779,-97.753659,133,"30.27217,-97.75246",,,
Frozen Rolls Creamery,Ice Cream Parlor,30.273169,-97.753461,136,"30.27217,-97.75246",,0.9716083086053412,1.0
Prim and Proper,Cocktail Bar,30.254268,-97.74763,76,"30.25495,-97.74755",,,
Aba Austin,Bar,30.253742,-97.74785,114,"30.25495,-97.74755",8.9,0.9922769535113749,4.0
sweetgreen,Restaurant,30.253771,-97.747017,119,"30.25495,-97.74755",7.6,0.960166172106825,2.0
Freebirds World Burrito,Fast Food Restaurant,30.25592,-97.746752,129,"30.25495,-97.74755",7.8,0.9708803165182988,1.0
Gyro Delicious,Mediterranean Restaurant,30.283313,-97.74058,103,"30.28354,-97.73953",,,
Asian Kaoboy,Asian Restaurant,30.283194,-97.740581,107,"30.28354,-97.73953",,,
Greenade,Asian Restaurant,30.283194,-97.740581,107,"30.28354,-97.73953",,,
68 Degree Kitchen,Italian Restaurant,30.277957,-97.773015,25,"30.27807,-97.77272",6.6,0.9252383778437191,2.0
Deep Eddy Cabaret,Night Club,30.277682,-97.772505,27,"30.27807,-97.77272",7.7,0.9516834817012858,1.0
Pool Burger,Restaurant,30.277682,-97.772505,32,"30.27807,-97.77272",7.8,0.9503461918892186,1.0
Thundercloud Sub,Deli,30.277994,-97.771973,65,"30.27807,-97.77272",8.3,0.9654915924826905,1.0
JuiceLand,Vegan and Vegetarian Restaurant,30.277604,-97.772172,80,"30.27807,-97.77272",8.8,0.9631968348170129,2.0
"John Howard, Lpc, Lmft",Restaurant,30.278845,-97.772118,103,"30.27807,-97.77272",,,
Tumble 22,Fried Chicken Joint,30.277855,-97.771443,110,"30.27807,-97.77272",7.9,0.9930286844708209,1.0
Holla Mode Thai Style Ice Cream,Ice Cream Parlor,30.264249,-97.763682,15,"30.26406,-97.76385",6.9,0.9562650840751731,1.0
Chuy's,Tex-Mex Restaurant,30.26377,-97.763204,55,"30.26406,-97.76385",8.8,0.9958773491592483,2.0
Four Brothers,Vegan and Vegetarian Restaurant,30.263827,-97.76285,99,"30.26406,-97.76385",,,
Cannone Cucina Italiano,Pizzeria,30.263827,-97.76285,99,"30.26406,-97.76385",,,
Have A Taco,Mexican Restaurant,30.26365,-97.762898,102,"30.26406,-97.76385",,,
Acai Hut,Restaurant,30.263827,-97.76285,107,"30.26406,-97.76385",,0.37556478733926807,1.0
The Original New Orleans Po-Boy and Gumbo Shop,Cajun / Creole Restaurant,30.263598,-97.762954,111,"30.26406,-97.76385",7.4,0.1330326409495549,1.0
Mighty Fine Burgers Fries & Shakes,Burger Joint,30.26358,-97.762819,112,"30.26406,-97.76385",,,
Big Easy Bar and Grill,Restaurant,30.263501,-97.762817,117,"30.26406,-97.76385",,,
Dock & Roll Diner,Diner,30.263827,-97.76285,121,"30.26406,-97.76385",7.8,0.015897131552917904,1.0
Umlauf Sculpture Garden and Museum,Museum,30.264197,-97.76514,124,"30.26406,-97.76385",,,
Pop Art,Ice Cream Parlor,30.263402,-97.762778,126,"30.26406,-97.76385",,,
The Mighty Cone,Ice Cream Parlor,30.26358,-97.762819,380,"30.26406,-97.76385",8.0,0.6254955489614243,1.0
Daily Juice,Deli,30.263702,-97.763215,721,"30.26406,-97.76385",,0.7887161226508408,1.0
Newk's Franchise,Restaurant,30.266599,-97.743545,36,"30.26634,-97.74378",,,
The Bar At The Fish Factory,Bar,30.266273,-97.743211,41,"30.26634,-97.74378",,0.7310385756676557,2.0
Modern Market Eatery,Restaurant,30.266273,-97.743211,45,"30.26634,-97.74378",8.5,0.9790544015825915,3.0
Speakeasy,Night Club,30.266777,-97.743616,49,"30.26634,-97.74378",7.2,0.9856617210682492,
RA Sushi Bar Restaurant,Bar,30.266383,-97.744574,62,"30.26634,-97.74378",7.4,0.9828288822947576,2.0
Terrace 59,Arts and Entertainment,30.266906,-97.743803,62,"30.26634,-97.74378",,0.6218160237388725,
Swift's Attic,Gastropub,30.265611,-97.743452,73,"30.26634,-97.74378",8.0,0.9428605341246291,3.0
Houndstooth Coffee,Coffee Shop,30.266298,-97.743138,74,"30.26634,-97.74378",8.9,0.9952047477744808,1.0
Appleseed,Restaurant,30.265772,-97.743358,74,"30.26634,-97.74378",,,
Elephant Room,Night Club,30.265611,-97.743452,76,"30.26634,-97.74378",8.8,0.9590029673590504,
Mort Subite,Beer Bar,30.265843,-97.743899,76,"30.26634,-97.74378",8.6,0.9602215628090999,
Parker Jazz Club,Jazz and Blues Venue,30.266222,-97.744668,79,"30.26634,-97.74378",7.6,0.9612185954500495,2.0
Benihana,Restaurant,30.26633,-97.74464,82,"30.26634,-97.74378",,,
Saperlipopette,Restaurant,30.265614,-97.744003,83,"30.26634,-97.74378",,,
Tap Room,Beer Bar,30.266222,-97.744668,86,"30.26634,-97.74378",,,
Lost Lei,Cocktail Bar,30.266265,-97.744731,93,"30.26634,-97.74378",5.8,0.8398733926805143,
Shiner's Saloon,Dive Bar,30.26687,-97.743532,97,"30.26634,-97.74378",8.1,0.9779386745796241,1.0
TenOak bourbon house + lounge,Cocktail Bar,30.266995,-97.744479,98,"30.26634,-97.74378",,,
B-Side Lounge & Tap Room,Bar,30.26595,-97.74471,99,"30.26634,-97.74378",,,
Mexic-Arte Museum,Art Museum,30.266824,-97.742918,101,"30.26634,-97.74378",7.6,0.9698674579624135,
Tacodeli,Taco Restaurant,30.265296,-97.743431,110,"30.26634,-97.74378",8.3,0.9845459940652819,1.0
Chinatown Westlake,Chinese Restaurant,30.267153,-97.743061,113,"30.26634,-97.74378",,,
Neon Grotto,Bar,30.266417,-97.745004,116,"30.26634,-97.74378",,0.9627457962413452,2.0
Be More Pacific,Asian Restaurant,30.267292,-97.744364,119,"30.26634,-97.74378",,,
Truluck's,Seafood Restaurant,30.266751,-97.745,123,"30.26634,-97.74378",9.0,0.9787774480712166,4.0
Chi’lantro,Korean Restaurant,30.265857,-97.744794,123,"30.26634,-97.74378",,0.9390860534124629,2.0
Summit,Night Club,30.267621,-97.743968,124,"30.26634,-97.74378",7.1,0.9601740850642928,2.0
House of the Rising Tanuki - San,Asian Restaurant,30.267578,-97.743905,124,"30.26634,-97.74378",,0.8652027695351138,2.0
Highland Lounge,Night Club,30.266912,-97.744906,125,"30.26634,-97.74378",7.9,0.9876083086053412,2.0
The Vaughn,Music Venue,30.266021,-97.745252,128,"30.26634,-97.74378",,0.3714421364985163,
Coconut Club,Night Club,30.26625,-97.745147,132,"30.26634,-97.74378",6.8,0.9864213649851632,3.0
Cuatro Gato,Coffee Shop,30.266233,-97.745165,133,"30.26634,-97.74378",,0.8773095944609298,1.0
Arepa Dealers,Southern / Soul Food Restaurant,30.266118,-97.745165,135,"30.26634,-97.74378",,,
Red Ash,Italian Restaurant,30.265807,-97.74494,141,"30.26634,-97.74378",9.1,0.9923086053412463,2.0
Oilcan,Night Club,30.26654,-97.74524,147,"30.26634,-97.74378",7.7,0.9903303659742829,1.0
Texas Tavern,Restaurant,30.26688,-97.745187,147,"30.26634,-97.74378",,,
Péché,Cocktail Bar,30.26688,-97.745187,152,"30.26634,-97.74378",8.8,0.9760079129574678,3.0
Sully's SideBar,Bar,30.265953,-97.745262,153,"30.26634,-97.74378",5.5,0.8945123639960435,4.0
OneTaco Taqueria,Taco Restaurant,30.266123,-97.742337,156,"30.26634,-97.74378",6.5,0.8969970326409495,1.0
Fourth & Co.,Cocktail Bar,30.26688,-97.745187,168,"30.26634,-97.74378",,0.9105440158259149,2.0
JW Marriott Lobby Bar,Hotel Bar,30.264242,-97.743319,35,"30.26408,-97.74355",8.3,0.9917230464886251,3.0
Taco Pegaso,Taco Restaurant,30.263693,-97.743643,43,"30.26408,-97.74355",,,
Dean's Italian Steakhouse,Steakhouse,30.26454,-97.743186,49,"30.26408,-97.74355",,0.957673590504451,4.0
Ellis,Bar,30.263605,-97.743487,50,"30.26408,-97.74355",7.6,0.9590504451038576,2.0
Corner (Austin),Restaurant,30.264345,-97.743995,51,"30.26408,-97.74355",,,
Edge Rooftop + Bar,Lounge,30.264456,-97.743631,53,"30.26408,-97.74355",,0.9176340257171117,2.0
Austin Rotisserie,Comfort Food Restaurant,30.2636,-97.743611,56,"30.26408,-97.74355",,0.888379821958457,3.0
Corner,Bar,30.264499,-97.743693,60,"30.26408,-97.74355",8.0,0.9938516320474777,2.0
Osteria Pronto (Austin),Restaurant,30.264335,-97.743236,64,"30.26408,-97.74355",,0.9403521266073195,2.0
Little Wu,Chinese Restaurant,30.263551,-97.743594,66,"30.26408,-97.74355",,0.9323363006923838,1.0
Italic,Italian Restaurant,30.263487,-97.743644,69,"30.26408,-97.74355",,0.759351137487636,2.0
TLV Israeli Street food,Israeli Restaurant,30.263605,-97.743487,70,"30.26408,-97.74355",8.8,0.9595173095944609,
Burger Bar On Congress,Burger Joint,30.264574,-97.743475,80,"30.26408,-97.74355",7.7,0.9429871414441148,1.0
Fareground,Restaurant,30.263465,-97.744268,86,"30.26408,-97.74355",9.1,0.994919881305638,2.0
Cedar Door,Pool Hall,30.264135,-97.742508,86,"30.26408,-97.74355",7.9,0.984482690405539,2.0
Henbit,American Restaurant,30.263648,-97.74355,86,"30.26408,-97.74355",7.6,0.9004470820969337,3.0
The Austonian Club,Cocktail Bar,30.264494,-97.744347,89,"30.26408,-97.74355",,0.04808704253214639,3.0
Cedar Door Patio Bar & Grill,Restaurant,30.26411,-97.74258,92,"30.26408,-97.74355",,0.8858081107814045,2.0
Chi'Lantro,Fast Food Restaurant,30.264613,-97.744297,92,"30.26408,-97.74355",,,
Foxy's Proper Pub,Restaurant,30.264153,-97.742643,94,"30.26408,-97.74355",,0.9372344213649851,2.0
Cooper's Old Time Pit Bar-B-Que,Restaurant,30.264813,-97.743714,100,"30.26408,-97.74355",8.5,0.9939307616221563,2.0
P6,Bar,30.263155,-97.744007,111,"30.26408,-97.74355",,0.9154817012858556,2.0
Llano Lounge,Lounge,30.26491,-97.744182,115,"30.26408,-97.74355",,0.8848348170128586,3.0
Medusa,Lounge,30.264885,-97.744255,116,"30.26408,-97.74355",6.8,0.34086646884273,3.0
P6,Cocktail Bar,30.262868,-97.743947,122,"30.26408,-97.74355",7.4,0.9723600395647873,3.0
Rising Roll Cafe- Austin,Deli,30.264097,-97.74486,123,"30.26408,-97.74355",,0.8857368941641939,1.0
Mason's Famous Lobster Rolls,Seafood Restaurant,30.264604,-97.744509,128,"30.26408,-97.74355",,0.9723442136498517,3.0
Sanjay & Sanjay's Bar,Bar,30.264618,-97.742225,140,"30.26408,-97.74355",,,
Tacodeli,Taco Restaurant,30.265296,-97.743431,143,"30.26408,-97.74355",8.3,0.9845459940652819,1.0
Rainmaker Document Tech,Deli,30.265364,-97.743421,143,"30.26408,-97.74355",,,
Veracruz All Natural,Taco Restaurant,30.263007,-97.744477,162,"30.26408,-97.74355",7.9,0.9900375865479724,1.0
Sweetgreen,Restaurant,30.285804,-97.74197,16,"30.28576,-97.74181",,,
Chipotle Mexican Grill,Fast Food Restaurant,30.285643,-97.742064,24,"30.28576,-97.74181",6.6,0.9886765578635015,1.0
Caffe Medici,Café,30.285473,-97.741958,37,"30.28576,-97.74181",7.4,0.9759920870425322,1.0
Austaco,Restaurant,30.285418,-97.741409,54,"30.28576,-97.74181",,,
BibiBowl,Asian Restaurant,30.286347,-97.741886,65,"30.28576,-97.74181",,,
Gourdough's Food Truck,Bagel Shop,30.286315,-97.742167,70,"30.28576,-97.74181",,,
Masala Dhaba,Indian Restaurant,30.28629,-97.74224,71,"30.28576,-97.74181",,,
Gyro House,Restaurant,30.286238,-97.742509,85,"30.28576,-97.74181",,,
The Gypsy Kit Atx,Sandwich Restaurant,30.286096,-97.742615,85,"30.28576,-97.74181",,,
Kebab Time,Mediterranean Restaurant,30.286096,-97.742615,85,"30.28576,-97.74181",,,
Maggie's Waffles,Vegan and Vegetarian Restaurant,30.286096,-97.742615,86,"30.28576,-97.74181",,0.6671256181998022,2.0
Momora Austin Food,Restaurant,30.286224,-97.742559,88,"30.28576,-97.74181",,,
Ice Scrapers,Ice Cream Parlor,30.286121,-97.742542,93,"30.28576,-97.74181",,0.8648308605341246,1.0
Pizza On Point,Pizzeria,30.286096,-97.742615,96,"30.28576,-97.74181",,0.3033827893175074,1.0
Dollar Slice Club,Pizzeria,30.286652,-97.74198,100,"30.28576,-97.74181",,,
Potbelly Sandwich Shop,Restaurant,30.286798,-97.741885,115,"30.28576,-97.74181",7.9,0.9895311572700297,1.0
Field Of Greens,Salad Restaurant,30.286212,-97.740595,115,"30.28576,-97.74181",,0.20688427299703263,1.0
Chick'nCone,Restaurant,30.287015,-97.741827,139,"30.28576,-97.74181",,,
Burger FI,Restaurant,30.287095,-97.74177,148,"30.28576,-97.74181",,,
The H.J. Lutcher Stark Center,Museum,30.286279,-97.741896,903,"30.28576,-97.74181",,0.8995529179030662,
ATX Gyro,Halal Restaurant,30.28629,-97.74224,3241,"30.28576,-97.74181",,0.906650840751731,1.0
Song La,Asian Restaurant,30.286096,-97.742615,12161,"30.28576,-97.74181",7.9,0.9066112759643917,1.0
Sock Club,Bar,30.261851,-97.727263,38,"30.26217,-97.72743",,,
The Good Vegan,Vegan and Vegetarian Restaurant,30.261851,-97.727263,38,"30.26217,-97.72743",,,
Halal Time,Fast Food Restaurant,30.262702,-97.727407,55,"30.26217,-97.72743",,0.8885064292779427,
The White Horse,Night Club,30.262513,-97.727022,57,"30.26217,-97.72743",8.8,0.9815311572700297,1.0
Bomb Tacos,Taco Restaurant,30.262581,-97.727012,57,"30.26217,-97.72743",5.7,0.8772858555885262,1.0
Glory Hole Hot Dogs,Hot Dog Joint,30.262745,-97.727469,64,"30.26217,-97.72743",,,
Ma'Coco,Taco Restaurant,30.262227,-97.726084,69,"30.26217,-97.72743",,0.9375034619188922,1.0
The Eastern,Night Club,30.262903,-97.726824,91,"30.26217,-97.72743",6.9,0.8594817012858555,1.0
Cisco's Liars Club,Night Club,30.262971,-97.726813,106,"30.26217,-97.72743",,,
Cisco's Restaurant & Bakery,Bakery,30.262903,-97.726824,107,"30.26217,-97.72743",7.3,0.9623343224530169,1.0
Texas Coffee Traders,Coffee Shop,30.26204,-97.728959,120,"30.26217,-97.72743",9.0,0.9477190900098912,1.0
La Matta,Italian Restaurant,30.262366,-97.7267,120,"30.26217,-97.72743",8.3,0.5952522255192878,1.0
Il Brutto,Cocktail Bar,30.26267,-97.726377,130,"30.26217,-97.72743",7.8,0.9659901088031652,2.0
The Volstead Lounge,Night Club,30.263389,-97.727093,144,"30.26217,-97.72743",7.6,0.9452106824925816,2.0
Rollin' Smoke BBQ Chuckwagon,Restaurant,30.263492,-97.727353,144,"30.26217,-97.72743",7.3,0.4481819980217606,1.0
LoLo,Wine Bar,30.263414,-97.72702,154,"30.26217,-97.72743",8.7,0.9464371909000989,2.0
Little Plaza Tacos,Mexican Restaurant,30.262702,-97.727407,155,"30.26217,-97.72743",7.6,0.8700059347181008,1.0
Rollin Smoke BBQ,BBQ Joint,30.262702,-97.727407,1158,"30.26217,-97.72743",7.4,0.9411434223541049,1.0
Teji's Indian Restaurant and Grocery,Restaurant,30.284019,-97.74211,7,"30.28395,-97.74198",7.8,0.9032561819980217,1.0
Teji's,Indian Restaurant,30.283997,-97.742182,20,"30.28395,-97.74198",,,
Sarovar Express,Restaurant,30.28354,-97.741632,56,"30.28395,-97.74198",,,
Oma's Kitchen,Korean Restaurant,30.282835,-97.74181,69,"30.28395,-97.74198",,0.9079723046488625,2.0
Mr. Delivery,Restaurant,30.283323,-97.741847,70,"30.28395,-97.74198",,,
Dobie Center,Ice Cream Parlor,30.283497,-97.741569,73,"30.28395,-97.74198",,0.9898001978239367,
Everest Cuisine,Indian Restaurant,30.283411,-97.741445,78,"30.28395,-97.74198",,,
Burrito Factory,Latin American Restaurant,30.283064,-97.741706,84,"30.28395,-97.74198",7.1,0.9341483679525222,1.0
Harry Ransom Center,Art Museum,30.284141,-97.741193,91,"30.28395,-97.74198",9.2,0.960648862512364,
Niki's Pizza,Pizzeria,30.283064,-97.741706,119,"30.28395,-97.74198",,0.4744688427299703,1.0
Poke Bay,Hawaiian Restaurant,30.282835,-97.74181,122,"30.28395,-97.74198",,0.8510069238377844,
Sushi Caliente,Sushi Restaurant,30.282835,-97.74181,124,"30.28395,-97.74198",,,
K-Bop,Korean Restaurant,30.282814,-97.742435,125,"30.28395,-97.74198",6.7,0.955188921859545,2.0
Austin C Bombay,Restaurant,30.282821,-97.742227,127,"30.28395,-97.74198",,,
Heat,Restaurant,30.282726,-97.742401,141,"30.28395,-97.74198",,,
The Good Capitalist Party,Cocktail Bar,30.269312,-97.739425,46,"30.26912,-97.73986",,,
Ancho's Restaurant,Restaurant,30.268678,-97.740145,51,"30.26912,-97.73986",6.5,0.8782987141444115,3.0
Omni Hotel Atrium Lounge,Hotel Bar,30.269154,-97.740071,52,"30.26912,-97.73986",5.7,0.9893808110781405,3.0
Jackrabbit,Restaurant,30.268977,-97.74039,53,"30.26912,-97.73986",,,
Holy Grounds,Coffee Shop,30.268503,-97.739344,62,"30.26912,-97.73986",8.0,0.9076953511374877,1.0
Ancho's,Bar,30.268653,-97.740218,68,"30.26912,-97.73986",,0.3034144411473788,2.0
Baxter's Bistro,Restaurant,30.26877,-97.740906,107,"30.26912,-97.73986",,,
Cafe Divine,Café,30.268342,-97.739438,108,"30.26912,-97.73986",,0.9146350148367952,1.0
Lucky Lab Coffee Co.,Coffee Shop,30.269321,-97.74108,115,"30.26912,-97.73986",,0.8974401582591494,1.0
Product Test,Cajun / Creole Restaurant,30.26924,-97.741157,125,"30.26912,-97.73986",,,
Biderman's Deli,Bagel Shop,30.26984,-97.741069,150,"30.26912,-97.73986",7.2,0.24366369930761622,1.0
Pluckers Office,BBQ Joint,30.259121,-97.753157,88,"30.25971,-97.75346",,0.92497725024728,
El Mercado Restaurant,Mexican Restaurant,30.25976,-97.754853,133,"30.25971,-97.75346",,,
Terry Black's Barbecue,BBQ Joint,30.259771,-97.754879,144,"30.25971,-97.75346",8.9,0.9984015825914936,2.0
Playa Pizza & Pastelitos,Pizzeria,30.258835,-97.752304,147,"30.25971,-97.75346",,,
Iron Cactus Mexican Restaurant and Margarita Bar,Mexican Restaurant,30.26728,-97.739534,7,"30.26735,-97.73933",7.3,0.9803679525222552,2.0
TacoWey,Fast Food Restaurant,30.266958,-97.739722,22,"30.26735,-97.73933",,0.9123877349159248,1.0
Jackalope Night Club,Night Club,30.267227,-97.739128,23,"30.26735,-97.73933",,,
Jack's Pizza,Pizzeria,30.267232,-97.739029,35,"30.26735,-97.73933",,0.013072205736894164,1.0
The Jackalope,Dive Bar,30.267166,-97.73893,36,"30.26735,-97.73933",7.2,0.9873709198813057,2.0
The Dirty 6,Bar,30.267151,-97.740658,37,"30.26735,-97.73933",,0.8537131552917903,2.0
Pour Choices,Arts and Entertainment,30.266844,-97.739118,39,"30.26735,-97.73933",7.5,0.9823857566765578,2.0
Maggie Mae's Harley-Davidson Room,Dive Bar,30.266958,-97.739722,43,"30.26735,-97.73933",,0.6097329376854599,1.0
Mama V's Quesadillaville,Mexican Restaurant,30.267477,-97.73971,44,"30.26735,-97.73933",,0.2173135509396637,1.0
Funki Chicken,American Restaurant,30.267051,-97.739638,44,"30.26735,-97.73933",,,
Roppolo's Pizzeria,Pizzeria,30.267452,-97.739783,47,"30.26735,-97.73933",6.0,0.9438417408506429,1.0
Shakespeare's Pub,Cocktail Bar,30.267452,-97.739783,50,"30.26735,-97.73933",6.5,0.9923323442136498,1.0
The Rooftop on 6th,Night Club,30.267123,-97.738868,51,"30.26735,-97.73933",,,
Mooseknuckle Pub,Bar,30.267123,-97.738868,51,"30.26735,-97.73933",,,
The Blind Pig Pub,Cocktail Bar,30.267062,-97.739982,53,"30.26735,-97.73933",7.4,0.9899268051434224,2.0
Wild Greg’s Saloon,Bar,30.267476,-97.739883,54,"30.26735,-97.73933",,0.9129099901088031,2.0
Buck Wild,Bar,30.267487,-97.740054,56,"30.26735,-97.73933",5.4,0.9485103857566766,2.0
Ale House,Bar,30.267402,-97.739929,57,"30.26735,-97.73933",,,
Terminal Six,Arts and Entertainment,30.267487,-97.740054,59,"30.26735,-97.73933",,0.10189515331355094,
Midnight Cowboy,Cocktail Bar,30.267147,-97.740107,60,"30.26735,-97.73933",8.5,0.9650959446092977,3.0
Museum of the Weird,Museum,30.267148,-97.738795,65,"30.26735,-97.73933",6.0,0.9646607319485658,
Roppolo's Pizzeria,Pizzeria,30.266999,-97.738745,68,"30.26735,-97.73933",7.1,0.8782116716122651,1.0
The Library Bar,Bar,30.266844,-97.739118,70,"30.26735,-97.73933",7.2,0.9950464886251237,2.0
The Buffalo Room Austin,Bar,30.266701,-97.739348,72,"30.26735,-97.73933",,,
Moonlight,Beer Bar,30.26705,-97.740035,75,"30.26735,-97.73933",,,
Cheers Shot Bar,Night Club,30.267173,-97.738722,76,"30.26735,-97.73933",5.9,0.9622472799208704,1.0
Las Perlas,Cocktail Bar,30.267742,-97.738565,78,"30.26735,-97.73933",7.7,0.9940415430267062,2.0
Touche,Night Club,30.266741,-97.738858,78,"30.26735,-97.73933",6.1,0.9011038575667656,1.0
Heros Gyros,Fast Food Restaurant,30.26776,-97.7387,81,"30.26735,-97.73933",6.6,0.9285697329376854,2.0
Majestic Austin,Night Club,30.266741,-97.738858,81,"30.26735,-97.73933",,,
Seven Grand,Whisky Bar,30.267785,-97.738627,82,"30.26735,-97.73933",8.5,0.9671849653808111,3.0
Vulcan Gas Company,Music Venue,30.267156,-97.738587,82,"30.26735,-97.73933",6.2,0.9570326409495549,3.0
The Nook Amphitheater,Music Venue,30.267097,-97.740252,84,"30.26735,-97.73933",6.7,0.877570722057369,
San Jac Saloon,Music Venue,30.267462,-97.740127,90,"30.26735,-97.73933",8.6,0.9854559841740851,3.0
Buckshot Sixth Street,Arts and Entertainment,30.267002,-97.738473,90,"30.26735,-97.73933",,,
Cafe Divine,Café,30.268342,-97.739438,95,"30.26735,-97.73933",,0.9146350148367952,1.0
Gyro Express,Greek Restaurant,30.26707,-97.738462,95,"30.26735,-97.73933",,0.3704530168150346,2.0
Nuno's Bar & Grill,Music Venue,30.26713,-97.73866,97,"30.26735,-97.73933",7.5,0.6421444114737883,
Parkside,American Restaurant,30.267139,-97.740309,99,"30.26735,-97.73933",8.2,0.9730405539070227,3.0
Pete's Dueling Piano Bar,Bar,30.26668,-97.738661,100,"30.26735,-97.73933",8.2,0.9884075173095944,
Pizzeria Papparazzi,Pizzeria,30.267505,-97.740189,102,"30.26735,-97.73933",5.8,0.8848189910979228,1.0
Zaza Mediterranean food,Mediterranean Restaurant,30.26673,-97.738515,104,"30.26735,-97.73933",,,
Darwin's Pub,Cocktail Bar,30.26733,-97.7407,114,"30.26735,-97.73933",6.7,0.9604272997032641,
Roxy,Night Club,30.267745,-97.740428,114,"30.26735,-97.73933",,,
Latitude 30,Bar,30.267101,-97.740804,127,"30.26735,-97.73933",5.8,0.41797032640949555,2.0
Stella San Jac,Restaurant,30.266486,-97.740348,128,"30.26735,-97.73933",7.0,0.9826152324431257,3.0
The British Music Embassy,Arts and Entertainment,30.267083,-97.740669,131,"30.26735,-97.73933",,,
Coyote Ugly Saloon,Cocktail Bar,30.266584,-97.738192,133,"30.26735,-97.73933",5.3,0.9851157270029673,1.0
Holy Grounds,Coffee Shop,30.268503,-97.739344,141,"30.26735,-97.73933",8.0,0.9076953511374877,1.0
Bbg's,Night Club,30.267848,-97.740688,141,"30.26735,-97.73933",,,
Texas Music Museum,History Museum,30.269463,-97.730566,23,"30.26968,-97.73074",,0.8903897131552918,
African American Cultural & Heritage Facility,History Museum,30.270042,-97.730752,44,"30.26968,-97.73074",,0.8561266073194856,
Ice Ice Baby,Frozen Yogurt Shop,30.269949,-97.730836,45,"30.26968,-97.73074",,0.5902591493570722,1.0
L'Oca D'Oro,Italian Restaurant,30.270114,-97.731293,71,"30.26968,-97.73074",,,
Franklin Barbecue,BBQ Joint,30.270071,-97.731231,74,"30.26968,-97.73074",9.0,0.9904569732937686,2.0
Legend Coffee Co.,Coffee Shop,30.270139,-97.73122,81,"30.26968,-97.73074",6.9,0.8434183976261128,1.0
Old Thousand,Asian Restaurant,30.269603,-97.729785,90,"30.26968,-97.73074",8.3,0.9652067260138477,1.0
Try Hard Coffee Roasters,Coffee Shop,30.268788,-97.7286,9,"30.26896,-97.72843",7.6,0.9746468842729971,1.0
Uncle Nicky's,Italian Restaurant,30.268788,-97.7286,17,"30.26896,-97.72843",,0.9327636003956479,2.0
Wasota African Cuisine,African Restaurant,30.269196,-97.728537,18,"30.26896,-97.72843",,0.7209020771513354,2.0
Sassy's Vegetarian Soul Food,Restaurant,30.269091,-97.728305,18,"30.26896,-97.72843",,,
Aimee's Super Fantazmo,Mediterranean Restaurant,30.269171,-97.72861,19,"30.26896,-97.72843",,0.8390741839762611,2.0
Bone-a-fide Vegan,Vegan and Vegetarian Restaurant,30.26913,-97.728384,19,"30.26896,-97.72843",,,
Aimee's Super Fantazmo Food Club,Greek Restaurant,30.26914,-97.72843,20,"30.26896,-97.72843",,,
Artessano,Colombian Restaurant,30.269103,-97.72862,24,"30.26896,-97.72843",,,
Victory Grill,Rock Club,30.269146,-97.728683,26,"30.26896,-97.72843",6.3,0.9186073194856578,
The Rolling Rooster,American Restaurant,30.269244,-97.728558,33,"30.26896,-97.72843",,,
Community Vegan,Vegan and Vegetarian Restaurant,30.26889,-97.727915,50,"30.26896,-97.72843",,,
Scoot Inn,Bar,30.268556,-97.728153,52,"30.26896,-97.72843",,,
Nickel City,Cocktail Bar,30.268624,-97.728143,55,"30.26896,-97.72843",8.9,0.9865084075173096,1.0
Tony's Jamaican Food,Caribbean Restaurant,30.268799,-97.727632,57,"30.26896,-97.72843",8.2,0.922326409495549,1.0
Delray Cafe,Burger Joint,30.268624,-97.728143,60,"30.26896,-97.72843",,0.5441819980217606,1.0
Moe’s Tavern,Bar,30.268435,-97.727758,71,"30.26896,-97.72843",,0.36360830860534127,2.0
Paperboy,American Restaurant,30.268435,-97.727758,112,"30.26896,-97.72843",9.0,0.973618199802176,1.0
Old Thousand,Asian Restaurant,30.269603,-97.729785,145,"30.26896,-97.72843",8.3,0.9652067260138477,1.0
J. Leonardi's Barbeque,Restaurant,30.269014,-97.727944,512,"30.26896,-97.72843",,0.8561345202769535,1.0
Thai Kruefha,Thai Restaurant,30.269171,-97.72861,4313,"30.26896,-97.72843",,0.7764035608308605,1.0
Hat Creek,Burger Joint,30.285082,-97.733591,58,"30.2856,-97.7335",,,
Landmarks Public Art Program,Museum,30.285705,-97.732527,94,"30.2856,-97.7335",,,
Landmarks,Museum,30.285829,-97.734786,125,"30.2856,-97.7335",,,
Jo's Hot Coffee Good Food,Coffee Shop,30.251029,-97.749375,11,"30.25103,-97.74926",,,
Lucky Robot Japanese Kitchen,Sushi Restaurant,30.250908,-97.74898,13,"30.25103,-97.74926",7.7,0.9533056379821958,2.0
Jo's Coffee,Coffee Shop,30.251097,-97.749365,16,"30.25103,-97.74926",8.8,0.9883125618199802,1.0
Amy's Ice Cream,Burger Joint,30.25084,-97.74899,20,"30.25103,-97.74926",8.9,0.9795766567754698,1.0
Hot Coffee Good Food,Restaurant,30.25084,-97.74899,33,"30.25103,-97.74926",,,
Burro Cheese Kitchen,Sandwich Restaurant,30.251459,-97.748687,36,"30.25103,-97.74926",7.9,0.05417210682492581,1.0
The Continental Club,Rock Club,30.250458,-97.748981,51,"30.25103,-97.74926",8.8,0.978864490603363,2.0
Joann’s Fine Foods,Diner,30.251598,-97.749218,53,"30.25103,-97.74926",7.1,0.9812304648862512,1.0
Gemma Love,Caribbean Restaurant,30.250597,-97.749511,53,"30.25103,-97.74926",,,
Jo's Burger Box,Burger Joint,30.251691,-97.749134,61,"30.25103,-97.74926",,0.6802927794263106,1.0
Hotel San Jose Bar,Bar,30.250404,-97.749042,72,"30.25103,-97.74926",8.5,0.8527715133531157,2.0
Flying Carpet,Moroccan Restaurant,30.250436,-97.749605,75,"30.25103,-97.74926",,0.840538081107814,2.0
White Tiger,Bar,30.250304,-97.749136,81,"30.25103,-97.74926",,,
El Sol y La Luna,Mexican Restaurant,30.251988,-97.749019,108,"30.25103,-97.74926",,0.1666547972304649,1.0
Jeni's Splendid Ice Creams,Ice Cream Parlor,30.252167,-97.74906,116,"30.25103,-97.74926",8.0,0.9806053412462908,1.0
Sno Cones,Ice Cream Parlor,30.250436,-97.749605,175,"30.25103,-97.74926",,0.49413254203758655,
Juice Austin,Restaurant,30.251459,-97.748687,314,"30.25103,-97.74926",8.5,0.7419821958456974,1.0
Kinsolving Dining Hall,Buffet,30.290475,-97.739794,80,"30.2898,-97.74041",,0.996542037586548,
Hole in the Wall,Rock Club,30.289916,-97.741607,104,"30.2898,-97.74041",8.1,0.9810722057368941,
Moody's Kitchen and Bar,Bar,30.289925,-97.741529,108,"30.2898,-97.74041",,0.8718654797230465,3.0
Guts 'n Glorie,American Restaurant,30.289823,-97.741691,113,"30.2898,-97.74041",,0.4852146389713155,
Korean Japanese Restaurant,Asian Restaurant,30.289712,-97.741639,118,"30.2898,-97.74041",,,
Littlefield Patio Cafe,Deli,30.288615,-97.740152,121,"30.2898,-97.74041",,0.9721226508407518,
Tiffanys,Coffee Shop,30.290163,-97.741638,124,"30.2898,-97.74041",,,
Zombie Taco,Taco Restaurant,30.290052,-97.741586,125,"30.2898,-97.74041",,0.8803719090009892,1.0
Madam Mam's Noodles and More,Italian Restaurant,30.289509,-97.741671,125,"30.2898,-97.74041",,,
Kokodak,Asian Restaurant,30.289916,-97.741607,127,"30.2898,-97.74041",,0.5021167161226509,2.0
Glorias on W.6st,Latin American Restaurant,30.268947,-97.745349,11,"30.26889,-97.74525",,,
The Belmont,Music Venue,30.268685,-97.745735,30,"30.26889,-97.74525",8.2,0.9715924826904055,2.0
Austin Ale House,Beer Garden,30.268565,-97.745449,37,"30.26889,-97.74525",7.0,0.963679525222552,2.0
The Iron Bear,Arts and Entertainment,30.268442,-97.745506,55,"30.26889,-97.74525",,,
Gloria’s Latin Cuisine,Latin American Restaurant,30.268965,-97.745485,56,"30.26889,-97.74525",7.3,0.9503382789317507,2.0
"Thistle While You Work, Healthy Food On The Go",Café,30.268407,-97.744674,63,"30.26889,-97.74525",6.1,0.9465796241345202,1.0
The Hideout Coffee Bar,Coffee Shop,30.268013,-97.745632,82,"30.26889,-97.74525",,0.9014203758654797,1.0
Thistle Cafe,Café,30.268246,-97.744768,85,"30.26889,-97.74525",,,
Rebels Honky Tonk,Night Club,30.267752,-97.746018,146,"30.26889,-97.74525",,,
Hudson On Fifth,Wine Bar,30.267709,-97.745956,147,"30.26889,-97.74525",,,
Maiko Sushi Lounge,Asian Restaurant,30.268643,-97.745673,638,"30.26889,-97.74525",7.7,0.9064292779426311,2.0
Madam Mam's,Thai Restaurant,30.29072,-97.742449,38,"30.29068,-97.74292",7.4,0.9164233432245301,2.0
The Pizza Press,Pizzeria,30.290753,-97.742168,84,"30.29068,-97.74292",7.5,0.9935272007912958,1.0
Tingy,Burger Joint,30.291097,-97.741871,111,"30.29068,-97.74292",,0.3514935707220574,1.0
Zombie Taco,Taco Restaurant,30.290052,-97.741586,134,"30.29068,-97.74292",,0.8803719090009892,1.0
Tiffanys,Coffee Shop,30.290163,-97.741638,135,"30.29068,-97.74292",,,
Roppolo’s Pizzeria West Campus,Beer Garden,30.291012,-97.741542,137,"30.29068,-97.74292",,,
Roppolo S Pizzeria,Pizzeria,30.291046,-97.741501,141,"30.29068,-97.74292",,0.9656023738872404,1.0
Kirby Lane Bakery,Restaurant,30.291268,-97.741604,142,"30.29068,-97.74292",,,
Uncle Billy's Brew & Que,BBQ Joint,30.262101,-97.761323,17,"30.262,-97.76118",6.8,0.7516439169139466,2.0
Austin Eastciders,New American Restaurant,30.262194,-97.76124,23,"30.262,-97.76118",7.4,0.9778516320474777,3.0
Ski Shores Cafe,Music Venue,30.262358,-97.761697,29,"30.262,-97.76118",,0.15385163204747773,2.0
ATX FOOD Co.,Vegan and Vegetarian Restaurant,30.2619,-97.76167,48,"30.262,-97.76118",,,
SquareRut Kava Bar,Lounge,30.26195,-97.761761,59,"30.262,-97.76118",7.1,0.9567715133531157,1.0
Vegan Food Truck by Austin Food Company,Vegan and Vegetarian Restaurant,30.261925,-97.761834,72,"30.262,-97.76118",,0.04265084075173096,2.0
Juliet Italian Kitchen,Italian Restaurant,30.261694,-97.760075,99,"30.262,-97.76118",8.4,0.9796399604352126,2.0
Wholly Kabob,Restaurant,30.261898,-97.760043,109,"30.262,-97.76118",,,
Beirut Austin Food Trailer,Middle Eastern Restaurant,30.261898,-97.760043,109,"30.262,-97.76118",,,
Juice Land,Vegan and Vegetarian Restaurant,30.262336,-97.762322,115,"30.262,-97.76118",,,
Rhythm Super Foods,Restaurant,30.262336,-97.762322,115,"30.262,-97.76118",,,
Pretty Thai For A White Guy,Thai Restaurant,30.261709,-97.759658,149,"30.262,-97.76118",,,
Tommy Want Wingy,Restaurant,30.261709,-97.759658,149,"30.262,-97.76118",,,
ATX FOOD Co.,Vegan and Vegetarian Restaurant,30.261993,-97.761823,355,"30.262,-97.76118",,0.9518100890207715,1.0
Fukumoto,Sushi Restaurant,30.264531,-97.731816,22,"30.26455,-97.73165",7.7,0.9589634025717112,2.0
Pasta Bar,Bar,30.264674,-97.731886,31,"30.26455,-97.73165",,0.9247240356083086,2.0
Ah Sing Den,Cocktail Bar,30.26491,-97.731274,33,"30.26455,-97.73165",8.4,0.9559010880316519,2.0
Pete's Bar,Bar,30.265024,-97.731877,48,"30.26455,-97.73165",,0.549839762611276,2.0
Hen House,Music Venue,30.265006,-97.731742,57,"30.26455,-97.73165",,0.4766053412462908,2.0
Gelateria Gemelli,Coffee Shop,30.264806,-97.732326,59,"30.26455,-97.73165",8.9,0.9584015825914936,1.0
Vato's,Mexican Restaurant,30.265003,-97.73119,66,"30.26455,-97.73165",,,
Spartan Pizza,Pizzeria,30.264836,-97.732225,76,"30.26455,-97.73165",6.3,0.9328743818001978,1.0
Sixth and Waller,American Restaurant,30.264678,-97.730827,79,"30.26455,-97.73165",,0.9324391691394659,2.0
Biscuits + Groovy,American Restaurant,30.264942,-97.730993,83,"30.26455,-97.73165",,0.435782393669634,2.0
Chi'Lantro,Restaurant,30.264227,-97.730828,86,"30.26455,-97.73165",,,
Pool Bar,Beer Bar,30.264814,-97.730806,86,"30.26455,-97.73165",,,
The Upside,Cocktail Bar,30.264678,-97.730827,88,"30.26455,-97.73165",,0.9196913946587537,3.0
Violet Crown Social Club,Dive Bar,30.264184,-97.730766,91,"30.26455,-97.73165",8.1,0.973301681503462,1.0
Spartan Pizza,Pizzeria,30.264856,-97.73218,92,"30.26455,-97.73165",6.4,0.8521859545004946,1.0
Cluck-n-Burger,Burger Joint,30.264184,-97.730766,94,"30.26455,-97.73165",,,
Hopdoddy Burger Bar,Bar,30.263698,-97.731808,100,"30.26455,-97.73165",8.2,0.9675014836795253,1.0
Chipotle Mexican Grill,Fast Food Restaurant,30.26339,-97.731579,110,"30.26455,-97.73165",6.8,0.9791968348170128,1.0
The Kebab Shop,Kebab Restaurant,30.26388,-97.732401,116,"30.26455,-97.73165",,0.9665044510385756,
Dolce Neve,Ice Cream Parlor,30.263612,-97.731683,122,"30.26455,-97.73165",,0.9625875370919881,1.0
Milonga Room,Arts and Entertainment,30.264242,-97.730412,123,"30.26455,-97.73165",,,
Cape Bottle Room,Wine Bar,30.264507,-97.732982,124,"30.26455,-97.73165",,0.93924431256182,2.0
Buenos Aires Cafe II,Argentinian Restaurant,30.264242,-97.730412,125,"30.26455,-97.73165",8.0,0.9475529179030663,2.0
Taqueria El Milagro,Mexican Restaurant,30.26536,-97.732584,127,"30.26455,-97.73165",,,
The Lemon Lounge,Cocktail Bar,30.264444,-97.733003,130,"30.26455,-97.73165",,,
La Hipsta Traila,Mexican Restaurant,30.264577,-97.730252,134,"30.26455,-97.73165",,,
Lamba's Royal Indian,Indian Restaurant,30.263405,-97.731163,135,"30.26455,-97.73165",,,
Wright Bros. Brew & Brew,Beer Bar,30.264444,-97.733035,139,"30.26455,-97.73165",9.1,0.9809139465875371,1.0
Destroyer Sandwiches,Sandwich Restaurant,30.264396,-97.733029,140,"30.26455,-97.73165",,0.7343699307616222,1.0
Austin BBQ,BBQ Joint,30.265099,-97.73297,140,"30.26455,-97.73165",,,
Boteco,Brazilian Restaurant,30.264045,-97.730235,146,"30.26455,-97.73165",,,
Mr Burger,Burger Joint,30.263977,-97.730246,149,"30.26455,-97.73165",,,
El Milagro Tortilla,Mexican Restaurant,30.26536,-97.732584,204,"30.26455,-97.73165",7.3,0.9435647873392681,1.0
Bento + Picnic,Japanese Restaurant,30.264452,-97.731483,1956,"30.26455,-97.73165",8.1,0.9563916913946587,2.0
True Food Kitchen,Restaurant,30.267354,-97.752224,71,"30.2678,-97.75189",9.1,0.9760791295746786,3.0
Malibu Poke,Poke Restaurant,30.267604,-97.752806,85,"30.2678,-97.75189",7.1,0.93102274975272,
The Baked Bear,Ice Cream Parlor,30.267511,-97.75289,103,"30.2678,-97.75189",8.0,0.9629040553907022,1.0
The Codependent,Cocktail Bar,30.26772,-97.750786,118,"30.2678,-97.75189",8.2,0.9807161226508407,3.0
Jeni's Splendid Ice Creams,Ice Cream Parlor,30.252167,-97.74906,24,"30.25222,-97.74881",8.0,0.9806053412462908,1.0
El Sol y La Luna,Mexican Restaurant,30.251988,-97.749019,32,"30.25222,-97.74881",,0.1666547972304649,1.0
Doc's Motorworks Bar & Grill,Sports Bar,30.252239,-97.74829,49,"30.25222,-97.74881",,,
Jo's Burger Box,Burger Joint,30.251691,-97.749134,81,"30.25222,-97.74881",,0.6802927794263106,1.0
Joann’s Fine Foods,Diner,30.251598,-97.749218,85,"30.25222,-97.74881",7.1,0.9812304648862512,1.0
Summer House on Music Lane,Cocktail Bar,30.252391,-97.747809,97,"30.25222,-97.74881",,,
Burro Cheese Kitchen,Sandwich Restaurant,30.251459,-97.748687,116,"30.25222,-97.74881",7.9,0.05417210682492581,1.0
Museum of the Weird,Museum,30.253284,-97.748059,138,"30.25222,-97.74881",,,
Jo's Hot Coffee Good Food,Coffee Shop,30.251029,-97.749375,143,"30.25222,-97.74881",,,
Lucky Robot Japanese Kitchen,Sushi Restaurant,30.250908,-97.74898,145,"30.25222,-97.74881",7.7,0.9533056379821958,2.0
Jo's Coffee,Coffee Shop,30.251097,-97.749365,155,"30.25222,-97.74881",8.8,0.9883125618199802,1.0
Juice Austin,Restaurant,30.251459,-97.748687,175,"30.25222,-97.74881",8.5,0.7419821958456974,1.0
508 Tequila Bar,Dive Bar,30.268598,-97.736637,12,"30.26854,-97.73646",6.3,0.9490089020771514,1.0
Stubb's Bar-B-Q,Music Venue,30.268502,-97.736169,19,"30.26854,-97.73646",7.9,0.9883916913946588,1.0
Pelons Tex-Mex,Restaurant,30.268598,-97.736637,21,"30.26854,-97.73646",6.6,0.9837705242334323,3.0
Better Days,Dive Bar,30.268301,-97.736752,49,"30.26854,-97.73646",,0.9204906033630069,2.0
Yalla Burgers & Wings halal,Burger Joint,30.268018,-97.736345,59,"30.26854,-97.73646",,,
Marinara Miracles,Italian Restaurant,30.26807,-97.736795,61,"30.26854,-97.73646",,0.5407873392680514,2.0
Valhalla,Rock Club,30.268165,-97.736773,64,"30.26854,-97.73646",7.9,0.9601503461918892,
Hoboken Pie,Pizzeria,30.268097,-97.736784,64,"30.26854,-97.73646",7.4,0.9758100890207715,1.0
Original New Orleans Po-Boy & Gumbo Shop,Cajun / Creole Restaurant,30.268072,-97.736857,64,"30.26854,-97.73646",,,
Ladybird Kitchen + Bar,Hotel Bar,30.269111,-97.736548,70,"30.26854,-97.73646",,0.913408506429278,3.0
The Green Jay,Music Venue,30.267806,-97.736519,81,"30.26854,-97.73646",,,
Elysium,Night Club,30.267586,-97.736587,97,"30.26854,-97.73646",7.6,0.960435212660732,1.0
Arlo's,American Restaurant,30.269574,-97.736416,102,"30.26854,-97.73646",8.4,0.9119604352126607,1.0
Cheer Up Charlies,Cocktail Bar,30.269574,-97.736416,119,"30.26854,-97.73646",8.8,0.9886607319485657,2.0
Empire Control Room & Garage,Music Venue,30.267404,-97.735994,119,"30.26854,-97.73646",7.8,0.9844985163204748,2.0
Cheer Up Charlie's Inside,Bar,30.269626,-97.736373,121,"30.26854,-97.73646",,0.8230662710187933,2.0
The Flamingo Lounge,Cocktail Bar,30.267379,-97.736067,122,"30.26854,-97.73646",,0.007287833827893175,3.0
HapPea Vegans,Restaurant,30.26969,-97.736358,128,"30.26854,-97.73646",,,
The Side Bar,Dive Bar,30.267543,-97.736525,135,"30.26854,-97.73646",6.5,0.961242334322453,1.0
H Bar Austin,Cocktail Bar,30.269732,-97.736922,139,"30.26854,-97.73646",,,
Mama V's Quezzadillaville,Mexican Restaurant,30.267753,-97.737596,249,"30.26854,-97.73646",,0.7760712166172107,1.0
Hi Hat Public House,Beer Bar,30.260289,-97.719086,15,"30.26032,-97.71899",8.8,0.9438180019782394,2.0
Flyrite Chicken,American Restaurant,30.261347,-97.718438,120,"30.26032,-97.71899",7.5,0.9658081107814046,1.0
Green Light Social,Night Club,30.270285,-97.75025,15,"30.27041,-97.75046",8.1,0.9877586547972305,3.0
Kung Fu Saloon,Bar,30.270173,-97.750447,26,"30.27041,-97.75046",7.7,0.9829950544015826,2.0
Concrete Cowboy,Arts and Entertainment,30.270013,-97.750292,31,"30.27041,-97.75046",5.7,0.9364352126607319,2.0
Valhalla Esports Lounge,Lounge,30.270378,-97.750166,40,"30.27041,-97.75046",,0.961677546983185,1.0
The Ranch,Bar,30.270206,-97.749917,43,"30.27041,-97.75046",5.8,0.9613214638971316,2.0
Favorite Pizza,Pizzeria,30.270156,-97.750806,43,"30.27041,-97.75046",,,
Lola Savannah Coffee Downtown,Coffee Shop,30.270671,-97.750811,44,"30.27041,-97.75046",,,
Favorite Pizza,Pizzeria,30.270133,-97.750827,46,"30.27041,-97.75046",7.7,0.9769258160237388,1.0
Dogwood Austin,Bar,30.270013,-97.750292,46,"30.27041,-97.75046",,,
Dogwood West 6th,Bar,30.269852,-97.750386,51,"30.27041,-97.75046",7.1,0.9768704253214638,2.0
WYLD Bar,Cocktail Bar,30.270256,-97.749771,54,"30.27041,-97.75046",,0.9612660731948566,2.0
The Grove Wine Bar & Kitchen - Downtown,Wine Bar,30.270467,-97.750843,63,"30.27041,-97.75046",8.2,0.9647873392680514,2.0
Buford's Backyard Beer Garden,Beer Bar,30.270324,-97.74976,67,"30.27041,-97.75046",,,
Via 313 Pizza - West 6th,Restaurant,30.270324,-97.74976,74,"30.27041,-97.75046",7.9,0.4765182987141444,1.0
Irene's,Diner,30.269805,-97.751084,77,"30.27041,-97.75046",8.0,0.9905361028684471,1.0
Taquero Mucho,Taco Restaurant,30.269848,-97.751146,77,"30.27041,-97.75046",,0.9691315529179031,1.0
Whiskey Tango Foxtrot Icehouse,Music Venue,30.269774,-97.749838,92,"30.27041,-97.75046",7.3,0.983406528189911,2.0
Buford's,Bar,30.270171,-97.749646,93,"30.27041,-97.75046",6.7,0.9969139465875371,2.0
Rio Rooftop Bar,Cocktail Bar,30.270024,-97.749324,105,"30.27041,-97.75046",6.1,0.9513669634025718,3.0
Pop,Cocktail Bar,30.270074,-97.749178,107,"30.27041,-97.75046",6.0,0.9480118694362017,3.0
Via 313 Pizza,Pizzeria,30.269459,-97.750033,113,"30.27041,-97.75046",,,
Hookah Social,Night Club,30.270024,-97.749324,117,"30.27041,-97.75046",,,
Rio,Night Club,30.270024,-97.749324,117,"30.27041,-97.75046",,,
Rio Rooftop Pool Lounge & Rstr,Night Club,30.270024,-97.749324,117,"30.27041,-97.75046",,,
Dirty Bill's,Dive Bar,30.269752,-97.749366,120,"30.27041,-97.75046",7.8,0.9741167161226508,1.0
Key Bar,Night Club,30.269659,-97.74945,120,"30.27041,-97.75046",6.7,0.9712047477744807,1.0
The Rio Bar,Bar,30.270169,-97.749205,123,"30.27041,-97.75046",,,
J. Carver's,Steakhouse,30.269527,-97.749468,128,"30.27041,-97.75046",,0.9580217606330366,4.0
Powder Room,Restaurant,30.270074,-97.749178,128,"30.27041,-97.75046",,,
Hoffbrau Steak,Steakhouse,30.269684,-97.749377,142,"30.27041,-97.75046",5.4,0.8799525222551928,4.0
Hula Hut,Hawaiian Restaurant,30.295315,-97.78427,75,"30.29439,-97.78375",8.3,0.9939149357072206,2.0
Abel's on the Lake,American Restaurant,30.295358,-97.784333,115,"30.29439,-97.78375",6.1,0.9469990108803166,2.0
Mozart's Coffee Roasters,Bakery,30.295315,-97.78427,131,"30.29439,-97.78375",9.2,0.9983382789317508,1.0
Austin Party Cruises,Restaurant,30.294979,-97.783563,325,"30.29439,-97.78375",,0.8977408506429277,
Central District Brewi,Bar,30.2651,-97.737457,82,"30.26438,-97.73657",7.5,0.9896498516320474,2.0
Texas Reds and Whites Tasting Room,Wine Bar,30.264828,-97.737499,82,"30.26438,-97.73657",,0.8727675568743818,2.0
Eighteenth Over Austin,American Restaurant,30.26519,-97.73551,135,"30.26438,-97.73657",,,
Moonshine Patio Bar & Grill,Cocktail Bar,30.263844,-97.737928,162,"30.26438,-97.73657",8.9,0.9963442136498516,2.0
Texas Coffee Trad,Coffee Shop,30.288993,-97.736435,93,"30.2896,-97.7366",6.1,0.9240593471810089,1.0
Austin's Habibi,Mediterranean Restaurant,30.269374,-97.753083,66,"30.2692,-97.7535",7.3,0.8613095944609298,1.0
Tiniest Bar In Texas,Night Club,30.269374,-97.753083,69,"30.2692,-97.7535",7.5,0.9732700296735906,1.0
Super Burrito on 5th,Fast Food Restaurant,30.269374,-97.753083,75,"30.2692,-97.7535",7.5,0.9462551928783383,1.0
5th Street Seafood,Seafood Restaurant,30.270422,-97.753404,125,"30.2692,-97.7535",,0.9335311572700297,3.0
Next Level Burger Austin,Burger Joint,30.270515,-97.75332,147,"30.2692,-97.7535",,,
Next Level Clucker Austin,Burger Joint,30.270515,-97.75332,160,"30.2692,-97.7535",,0.892375865479723,2.0
Veracruz All Natural,Taco Restaurant,30.263007,-97.744477,68,"30.26332,-97.74508",7.9,0.9900375865479724,1.0
Rising Roll Cafe- Austin,Deli,30.264097,-97.74486,79,"30.26332,-97.74508",,0.8857368941641939,1.0
Fareground,Restaurant,30.263465,-97.744268,91,"30.26332,-97.74508",9.1,0.994919881305638,2.0
Alfred,Coffee Shop,30.262793,-97.744166,96,"30.26332,-97.74508",7.4,0.9785004945598418,1.0
P6,Cocktail Bar,30.262868,-97.743947,101,"30.26332,-97.74508",7.4,0.9723600395647873,3.0
Arlo Grey,American Restaurant,30.262835,-97.744228,104,"30.26332,-97.74508",8.4,0.9721780415430267,2.0
P6,Bar,30.263155,-97.744007,104,"30.26332,-97.74508",,0.9154817012858556,2.0
Little Wu,Chinese Restaurant,30.263551,-97.743594,107,"30.26332,-97.74508",,0.9323363006923838,1.0
Italic,Italian Restaurant,30.263487,-97.743644,109,"30.26332,-97.74508",,0.759351137487636,2.0
Mama Fu's Takeout & Delivery,Restaurant,30.263968,-97.745985,112,"30.26332,-97.74508",,,
Austin Rotisserie,Comfort Food Restaurant,30.2636,-97.743611,143,"30.26332,-97.74508",,0.888379821958457,3.0
Taco Pegaso,Taco Restaurant,30.263693,-97.743643,144,"30.26332,-97.74508",,,
The Austonian Club,Cocktail Bar,30.264494,-97.744347,148,"30.26332,-97.74508",,0.04808704253214639,3.0
Olamaie,American Restaurant,30.279886,-97.743661,67,"30.27924,-97.74371",7.2,0.9668526211671612,3.0
Little Ola's,Southern / Soul Food Restaurant,30.279948,-97.743847,79,"30.27924,-97.74371",,0.22219584569732936,1.0
Juliet,Cocktail Bar,30.279695,-97.742713,108,"30.27924,-97.74371",,,
Lions Clubs International,Bar,30.278233,-97.743189,122,"30.27924,-97.74371",,,
Clay Pit,Restaurant,30.278987,-97.742339,123,"30.27924,-97.74371",8.4,0.9871968348170128,2.0
Murphy's Deli,Restaurant,30.278161,-97.743108,133,"30.27924,-97.74371",,,
Pluckers Wing Bar,Sports Bar,30.286485,-97.74504,18,"30.2862,-97.74516",8.4,0.9972225519287834,2.0
Bao'd Up,Asian Restaurant,30.286596,-97.745092,44,"30.2862,-97.74516",,,
UTea Pho,Sandwich Restaurant,30.286395,-97.745676,52,"30.2862,-97.74516",,0.9855588526211672,2.0
Raku Sushi and Asian Bistro,Asian Restaurant,30.286656,-97.74529,69,"30.2862,-97.74516",6.3,0.9553788328387735,2.0
Mango Mango,Dessert Shop,30.286596,-97.745092,75,"30.2862,-97.74516",,0.931513353115727,1.0
Austin's Pizza,Pizzeria,30.286656,-97.74529,96,"30.2862,-97.74516",,0.897084075173096,1.0
Syriano Shawarma,Falafel Restaurant,30.287226,-97.744821,118,"30.2862,-97.74516",,,
Taverna,Pizzeria,30.265016,-97.746305,56,"30.26476,-97.74678",8.3,0.9782789317507419,2.0
Mooby’s,Theme Restaurant,30.265194,-97.747115,57,"30.26476,-97.74678",,0.08552324431256182,
III Forks,Steakhouse,30.264236,-97.746703,60,"30.26476,-97.74678",7.8,0.9643679525222552,4.0
The Secret Room,Hotel Bar,30.265477,-97.746648,64,"30.26476,-97.74678",,0.11620178041543026,3.0
Lavaca 514,Night Club,30.265359,-97.746804,66,"30.26476,-97.74678",,,
Jo's Coffee,Coffee Shop,30.264751,-97.746139,67,"30.26476,-97.74678",8.5,0.9824411473788328,1.0
Cru Wine Bar,Wine Bar,30.264751,-97.746139,69,"30.26476,-97.74678",8.2,0.9141918892185954,2.0
Living Room,Hotel Bar,30.265341,-97.746669,79,"30.26476,-97.74678",7.7,0.9673115727002968,3.0
Trace,New American Restaurant,30.265376,-97.746939,91,"30.26476,-97.74678",7.1,0.9670662710187933,3.0
Malverde,Lounge,30.265526,-97.747814,101,"30.26476,-97.74678",7.5,0.8681384767556874,3.0
Serve Gourmet,Restaurant,30.265574,-97.745804,104,"30.26476,-97.74678",,0.5173254203758655,
Upstairs Circus Atx Ll,Arts and Entertainment,30.264902,-97.745702,104,"30.26476,-97.74678",,,
The Secret Bar,Arts and Entertainment,30.265563,-97.746772,109,"30.26476,-97.74678",6.7,0.8803877349159248,3.0
Which Wich,Restaurant,30.265703,-97.745991,114,"30.26476,-97.74678",7.0,0.8555252225519288,1.0
Lamberts Downtown Barbecue,Music Venue,30.265197,-97.747862,116,"30.26476,-97.74678",8.5,0.9798219584569733,3.0
Mama Fu's Takeout & Delivery,Restaurant,30.263968,-97.745985,116,"30.26476,-97.74678",,,
La Condesa,Mexican Restaurant,30.265501,-97.747887,120,"30.26476,-97.74678",8.4,0.9734915924826905,3.0
Edge Rooftop,Cocktail Bar,30.265749,-97.746606,120,"30.26476,-97.74678",,0.8876676557863501,2.0
Popbar,Ice Cream Parlor,30.265617,-97.745867,142,"30.26476,-97.74678",,0.5952759643916914,1.0
Peli Peli,American Restaurant,30.265385,-97.74542,147,"30.26476,-97.74678",,,
Bar Chi Sushi,Sushi Restaurant,30.265052,-97.745264,154,"30.26476,-97.74678",7.6,0.9693689416419387,2.0
Violet Crown Cinemas,Drive-in Theater,30.265519,-97.748022,159,"30.26476,-97.74678",8.8,0.9795529179030663,
Sweetgreen,Restaurant,30.264904,-97.745674,224,"30.26476,-97.74678",7.8,0.9719643916913947,1.0
Murphy's Deli,Deli,30.270356,-97.744992,21,"30.27048,-97.74467",,0.9479564787339269,1.0
Luby's Etc,Café,30.270263,-97.745076,54,"30.27048,-97.74467",,0.0635568743818002,2.0
Athenian Grill,Bar,30.269574,-97.743526,148,"30.27048,-97.74467",,,
The Iron Bear,Night Club,30.269989,-97.743255,224,"30.27048,-97.74467",7.4,0.9868328387734916,1.0
Garrison,American Restaurant,30.26207,-97.738411,19,"30.26211,-97.73875",6.6,0.9543659742828883,2.0
Revue,Bar,30.26207,-97.738411,20,"30.26211,-97.73875",,0.9468486646884273,
Iron Works Barbecue,Restaurant,30.262141,-97.738952,22,"30.26211,-97.73875",7.9,0.9846726013847675,2.0
Rules & Regs,Cocktail Bar,30.262163,-97.738327,41,"30.26211,-97.73875",6.2,0.9607359050445103,3.0
Fulton,Hotel Bar,30.262206,-97.73839,52,"30.26211,-97.73875",6.7,0.9730009891196835,3.0
Good Things,Café,30.262095,-97.738338,53,"30.26211,-97.73875",6.5,0.9463659742828883,1.0
Downtown Burgers,Burger Joint,30.261951,-97.739879,102,"30.26211,-97.73875",,0.9367200791295747,1.0
The Alibi,Sports Bar,30.260811,-97.73833,142,"30.26211,-97.73875",6.6,0.8796360039564788,2.0
Tommy Want Wingy,American Restaurant,30.260811,-97.73833,165,"30.26211,-97.73875",,0.11898714144411474,1.0
Sosa Mediterranean Foods,Mediterranean Restaurant,30.261951,-97.739879,1421,"30.26211,-97.73875",,0.8893926805143423,1.0
Copper Restaurant,Bistro,30.258581,-97.746684,71,"30.25872,-97.74614",,0.8647438180019782,3.0
Soco Bar & Bites,Cocktail Bar,30.258567,-97.7471,72,"30.25872,-97.74614",,0.64162215628091,1.0
Barrr,Beer Bar,30.259361,-97.746286,83,"30.25872,-97.74614",,0.8688189910979228,
Hyatt Regency-Marker 10 Spirits & Cuisine,Bar,30.259178,-97.747005,97,"30.25872,-97.74614",,,
La Holly,Cocktail Bar,30.259035,-97.714312,26,"30.25902,-97.71479",7.7,0.9538437190900099,2.0
Sosa Mediterranean Foods,Mediterranean Restaurant,30.259035,-97.714312,45,"30.25902,-97.71479",,,
Ararat Mid-East Fusion,Arts and Entertainment,30.259224,-97.716008,119,"30.25902,-97.71479",,,
Greater Goods Coffee Roasters,Café,30.257748,-97.715064,127,"30.25902,-97.71479",9.1,0.9868803165182987,1.0
Ararat ToGo + Coffee Window,"Cafes, Coffee, and Tea Houses",30.259204,-97.716183,135,"30.25902,-97.71479",,,
The Pershing,Cocktail Bar,30.25793,-97.715657,157,"30.25902,-97.71479",,0.9586231454005935,
Trifecta On 3rd,Lounge,30.267542,-97.749433,19,"30.26709,-97.74947",6.0,0.9567240356083087,2.0
Meat & Bread,Sandwich Restaurant,30.267083,-97.749849,37,"30.26709,-97.74947",,0.9117546983184965,1.0
JuiceLand,Restaurant,30.266787,-97.749758,43,"30.26709,-97.74947",,,
Poke Bowl,Poke Restaurant,30.267417,-97.749798,47,"30.26709,-97.74947",,0.9043639960435212,
Polvo's DT,Mexican Restaurant,30.267292,-97.749907,47,"30.26709,-97.74947",,,
Polvo's Downtown,Mexican Restaurant,30.267445,-97.749405,61,"30.26709,-97.74947",,0.8693333333333333,1.0
Hestia,American Restaurant,30.266737,-97.749903,67,"30.26709,-97.74947",8.6,0.9287438180019782,4.0
Intelligentsia Co,Coffee Shop,30.266651,-97.749779,68,"30.26709,-97.74947",7.7,0.9748209693372898,1.0
Kalimotxo,Tapas Restaurant,30.266737,-97.749903,74,"30.26709,-97.74947",7.4,0.9025123639960435,3.0
Juan Pelota Café,Coffee Shop,30.268,-97.749224,96,"30.26709,-97.74947",8.5,0.9534401582591494,1.0
Polvo's Downtown Mexican Restaurant,Mexican Restaurant,30.266644,-97.749987,104,"30.26709,-97.74947",6.4,0.9516280909990109,1.0
The Mockingbird,Bar,30.266244,-97.749842,118,"30.26709,-97.74947",,0.9427814045499505,1.0
Goldie’s,Cocktail Bar,30.266168,-97.750061,123,"30.26709,-97.74947",,0.9511928783382789,3.0
Goldie's Sunken Bar,Cocktail Bar,30.2661,-97.750071,124,"30.26709,-97.74947",,,
The Codependent,Cocktail Bar,30.26772,-97.750786,127,"30.26709,-97.74947",8.2,0.9807161226508407,3.0
La Piscina,Mexican Restaurant,30.266097,-97.750159,128,"30.26709,-97.74947",7.6,0.9311177052423343,1.0
Flower Child,American Restaurant,30.265858,-97.749281,136,"30.26709,-97.74947",8.4,0.9690682492581603,3.0
Wendy's,Fast Food Restaurant,30.282978,-97.737094,24,"30.28298,-97.73731",5.2,0.9799881305637982,1.0
Jesta Pizza,Pizzeria,30.282899,-97.736761,69,"30.28298,-97.73731",,0.9499030662710188,1.0
J2 Jester second Floor Dining,Buffet,30.282577,-97.736949,77,"30.28298,-97.73731",,0.9980613254203758,
Figure 8 Coffe,Café,30.266629,-97.720101,169,"30.2664,-97.72164",8.9,0.9754935707220573,1.0
Rockstar Bagels,Bagel Shop,30.26998,-97.718958,56,"30.26976,-97.7184",9.0,0.9673353115727003,1.0
Mohawk,Rock Club,30.270039,-97.735999,62,"30.27018,-97.73531",8.9,0.9897685459940653,1.0
The backYard at Waller Creek,Music Venue,30.270412,-97.734353,78,"30.27018,-97.73531",7.5,0.8937685459940653,3.0
Quesoff III,Bar,30.269921,-97.736155,86,"30.27018,-97.73531",,,
Sheraton Hotel Bar,Hotel Bar,30.270684,-97.734311,96,"30.27018,-97.73531",5.7,0.9946904055390702,3.0
Cheer Up Charlies,Cocktail Bar,30.269574,-97.736416,106,"30.27018,-97.73531",8.8,0.9886607319485657,2.0
HapPea Vegans,Restaurant,30.26969,-97.736358,114,"30.27018,-97.73531",,,
Sheraton Club Level Lounge,Hotel Bar,30.270623,-97.734113,117,"30.27018,-97.73531",5.9,0.944917903066271,3.0
Cheer Up Charlie's Inside,Bar,30.269626,-97.736373,119,"30.27018,-97.73531",,0.8230662710187933,2.0
Arlo's,American Restaurant,30.269574,-97.736416,126,"30.27018,-97.73531",8.4,0.9119604352126607,1.0
Serranos Cafe & Cantina Downtown - Symphony Square,Tex-Mex Restaurant,30.271513,-97.735079,149,"30.27018,-97.73531",,,
Sushi Zushi,Sushi Restaurant,30.274466,-97.76465,19,"30.27454,-97.7645",7.8,0.952,2.0
Stubb's Bar-B-Que,BBQ Joint,30.274574,-97.76415,33,"30.27454,-97.7645",,,
El Arroyo,Tex-Mex Restaurant,30.274788,-97.764462,34,"30.27454,-97.7645",7.7,0.9815469831849654,2.0
El Arroyo Catering,Latin American Restaurant,30.274795,-97.764254,36,"30.27454,-97.7645",,,
Do-Rite BBQ,BBQ Joint,30.274391,-97.764869,39,"30.27454,-97.7645",,,
Castle Hill Cafe,Restaurant,30.27471,-97.764129,40,"30.27454,-97.7645",,,
Mean Eyed Cat,Dive Bar,30.274434,-97.764931,43,"30.27454,-97.7645",,,
Stubb's Bar B Q At The Mean,BBQ Joint,30.274434,-97.764931,43,"30.27454,-97.7645",,,
Mean Eyed Cat Beer Bar,Bar,30.274521,-97.764961,44,"30.27454,-97.7645",,0.8785519287833828,2.0
Metcalf Barbecue,Beer Bar,30.274521,-97.764969,45,"30.27454,-97.7645",,,
Mean Eyed Cat,Bar,30.274636,-97.765051,53,"30.27454,-97.7645",8.8,0.9803363006923838,1.0
Donn's Depot,Bar,30.274016,-97.763339,136,"30.27454,-97.7645",8.1,0.9815628090999011,1.0
PubCrawler of Austin,Arts and Entertainment,30.274832,-97.763213,677,"30.27454,-97.7645",8.2,0.9377566765578635,
Anything's Baked Potat,Cajun / Creole Restaurant,30.26913,-97.724613,29,"30.26908,-97.72429",,0.1194698318496538,2.0
Project Pollo,Sandwich Restaurant,30.268703,-97.724162,43,"30.26908,-97.72429",,,
Side Spot Superette,Beer Bar,30.268626,-97.724208,44,"30.26908,-97.72429",,0.6418041543026706,2.0
East Side Pies,Pizzeria,30.268651,-97.724135,45,"30.26908,-97.72429",8.1,0.9469594460929772,2.0
George Washington Carver Genealogy Center,Museum,30.269928,-97.72433,94,"30.26908,-97.72429",,,
Boyd Vance Theater,Museum,30.270021,-97.724267,95,"30.26908,-97.72429",7.0,0.05593669634025717,
Micklethwait Craft Meats,BBQ Joint,30.268547,-97.725186,107,"30.26908,-97.72429",8.9,0.9375905044510385,2.0
Taco Bronco Pop Up,BBQ Joint,30.268467,-97.725182,109,"30.26908,-97.72429",,,
George Washington Carver Museum,History Museum,30.270021,-97.724267,123,"30.26908,-97.72429",7.7,0.9492304648862513,
Taco Bronco,Taco Restaurant,30.268615,-97.725176,2873,"30.26908,-97.72429",,0.6211592482690406,1.0
Lone Star Hokahs and Events,Night Club,30.258877,-97.723377,90,"30.25968,-97.72321",,,
La Super Michoacana,Ice Cream Parlor,30.259404,-97.721846,216,"30.25968,-97.72321",,0.8333768545994066,1.0
Juniper,Cocktail Bar,30.254803,-97.717455,89,"30.25544,-97.71677",8.4,0.9415628090999011,2.0
Nom Burgers,Burger Joint,30.25482,-97.717432,93,"30.25544,-97.71677",,,
Blue Owl Brewing,Beer Bar,30.254707,-97.716987,94,"30.25544,-97.71677",8.3,0.9382868447082097,2.0
Possum Pizza,Pizzeria,30.255127,-97.718262,147,"30.25544,-97.71677",,,
Milky Way Shakes,Dessert Shop,30.255089,-97.718234,161,"30.25544,-97.71677",,0.8768981206726014,1.0
The Vegan Nom,Latin American Restaurant,30.255003,-97.718183,8593,"30.25544,-97.71677",,0.34199802176063304,2.0
Nido,Restaurant,30.264075,-97.756855,67,"30.26437,-97.75624",,0.9790781404549951,2.0
The Grackle,Dive Bar,30.262597,-97.724186,12,"30.2627,-97.7243",7.9,0.9654124629080119,1.0
Drop Kick,Music Venue,30.262728,-97.724711,48,"30.2627,-97.7243",,0.9126013847675569,3.0
Zilker Brewing Co,Brewery,30.262167,-97.72466,58,"30.2627,-97.7243",9.1,0.9872680514342236,2.0
The Liberty,Dive Bar,30.262739,-97.725054,75,"30.2627,-97.7243",8.7,0.9786904055390703,1.0
East Side King,Asian Restaurant,30.262757,-97.72519,75,"30.2627,-97.7243",8.4,0.8981998021760633,2.0
The Liberty,Bar,30.262671,-97.725085,75,"30.2627,-97.7243",,,
Spicy Boys Fried Chicken,Dessert Shop,30.262063,-97.7244,78,"30.2627,-97.7243",7.7,0.8905163204747775,
Hot Mess,BBQ Joint,30.261988,-97.724619,84,"30.2627,-97.7243",,,
Kohana Coffee,Coffee Shop,30.262135,-97.724941,87,"30.2627,-97.7243",,,
Suerte,Mexican Restaurant,30.262175,-97.723141,112,"30.2627,-97.7243",9.2,0.9813254203758655,1.0
Tamale House East,Taco Restaurant,30.261613,-97.724401,125,"30.2627,-97.7243",7.8,0.9349238377843719,1.0
Via 313 Pizza,Pizzeria,30.26215,-97.723214,131,"30.2627,-97.7243",9.1,0.9778753709198813,1.0
Nasha,Asian Restaurant,30.263744,-97.724857,132,"30.2627,-97.7243",6.6,0.9633867457962414,2.0
Yellow Jacket Social Club,Lounge,30.261716,-97.724661,139,"30.2627,-97.7243",8.5,0.9741879327398615,1.0
Poe's Fuego,Caribbean Restaurant,30.262545,-97.722832,141,"30.2627,-97.7243",,,
Rosarito,Mexican Restaurant,30.262046,-97.722954,148,"30.2627,-97.7243",,,
Dolce Bacio Gelato,Restaurant,30.263075,-97.725761,153,"30.2627,-97.7243",,0.8663184965380811,1.0
Fogo De Chao,Brazilian Restaurant,30.264193,-97.740842,35,"30.26428,-97.74033",7.7,0.9747655786350148,4.0
STK,Steakhouse,30.2642,-97.7409,55,"30.26428,-97.74033",,,
Cafe Blue Downtown Austin,Seafood Restaurant,30.263624,-97.740999,85,"30.26428,-97.74033",6.3,0.9742195845697329,3.0
MAX's Wine Dive Austin,Wine Bar,30.264393,-97.74157,92,"30.26428,-97.74033",7.8,0.9064609297725025,3.0
Fleming's Prime Steakhouse & Wine Bar,Steakhouse,30.263685,-97.741197,93,"30.26428,-97.74033",8.1,0.9402967359050445,4.0
Max's Underground,Bar,30.264461,-97.74156,100,"30.26428,-97.74033",,0.9091513353115727,2.0
Gallery Restaurant Group,Restaurant,30.26485,-97.741157,101,"30.26428,-97.74033",,,
Vince Young Steakhouse,American Restaurant,30.264747,-97.741101,102,"30.26428,-97.74033",7.8,0.9850445103857567,3.0
P.F. Chang's China Bistro,Chinese Restaurant,30.263763,-97.74153,117,"30.26428,-97.74033",7.5,0.9759287833827893,2.0
Mai Thai Restaurant,Thai Restaurant,30.264393,-97.74157,123,"30.26428,-97.74033",7.4,0.9802729970326409,2.0
Marriott Courtyard - Lobby,Hotel Bar,30.265517,-97.74036,137,"30.26428,-97.74033",5.5,0.08310187932739861,3.0
Micheladas Cafe y Cantina,Bar,30.263267,-97.740917,158,"30.26428,-97.74033",7.0,0.9443086053412463,2.0
Le Café Crêpe,French Restaurant,30.263806,-97.741592,175,"30.26428,-97.74033",7.2,0.9524114737883284,2.0
Burgerim-Austin,Burger Joint,30.256684,-97.73911,120,"30.25579,-97.73982",,,
Anthem,Beer Bar,30.260375,-97.737915,3,"30.26078,-97.73808",8.2,0.9916993076162216,3.0
Placeholder,Tiki Bar,30.260838,-97.738207,13,"30.26078,-97.73808",,0.9872363996043522,
Placeholder Austin,Cocktail Bar,30.260813,-97.738212,13,"30.26078,-97.73808",,,
The Alibi,Sports Bar,30.260811,-97.73833,18,"30.26078,-97.73808",6.6,0.8796360039564788,2.0
Tommy Want Wingy,American Restaurant,30.260811,-97.73833,19,"30.26078,-97.73808",,0.11898714144411474,1.0
Lustre Pearl,Bar,30.260709,-97.73833,20,"30.26078,-97.73808",8.6,0.9887636003956479,2.0
Taco Baby,Fast Food Restaurant,30.260718,-97.738414,32,"30.26078,-97.73808",,,
Cazamance,African Restaurant,30.260497,-97.73831,38,"30.26078,-97.73808",,,
Golden Tiger,Comfort Food Restaurant,30.260497,-97.73831,38,"30.26078,-97.73808",,,
Boca,Fast Food Restaurant,30.260471,-97.738383,44,"30.26078,-97.73808",,,
Bungalow,Cocktail Bar,30.260497,-97.73831,46,"30.26078,-97.73808",7.6,0.9224609297725025,1.0
The Container Bar,Bar,30.260471,-97.738383,58,"30.26078,-97.73808",7.2,0.9421958456973294,2.0
Clive Bar,Music Venue,30.260039,-97.738519,80,"30.26078,-97.73808",7.6,0.9912878338278932,2.0
IHOP,American Restaurant,30.261026,-97.737331,86,"30.26078,-97.73808",5.9,0.9971038575667656,1.0
Bar Ilegal,Bar,30.260039,-97.738519,92,"30.26078,-97.73808",7.4,0.8731790306627102,2.0
Little Brother,Bar,30.26001,-97.738041,93,"30.26078,-97.73808",7.8,0.9524668644906034,2.0
double trouble BBQ,BBQ Joint,30.259971,-97.73853,94,"30.26078,-97.73808",,0.3143343224530168,2.0
East Ave Lounge,Beer Garden,30.259803,-97.737521,102,"30.26078,-97.73808",,0.731188921859545,1.0
The Drafting Room,Beer Bar,30.260039,-97.738519,104,"30.26078,-97.73808",8.2,0.9410959446092977,2.0
Asador,BBQ Joint,30.259943,-97.738612,106,"30.26078,-97.73808",,,
Parlor Room,Cocktail Bar,30.25981,-97.738624,114,"30.26078,-97.73808",7.8,0.9675252225519287,3.0
Rainey Hookah Lounge,Hookah Bar,30.259803,-97.737521,121,"30.26078,-97.73808",,,
Metcalf Barbecue,BBQ Joint,30.259662,-97.738133,124,"30.26078,-97.73808",,,
Rainey Hookah Lounge & Bar,Hookah Bar,30.259728,-97.737739,125,"30.26078,-97.73808",7.0,0.8571394658753709,1.0
Baltimore Ballers,Bakery,30.260418,-97.737977,126,"30.26078,-97.73808",,0.8237546983184966,1.0
Geraldine's,Restaurant,30.260178,-97.73905,129,"30.26078,-97.73808",8.2,0.9638536102868447,3.0
Café 605,Restaurant,30.260178,-97.73905,129,"30.26078,-97.73808",8.1,0.979948565776459,1.0
Stagger Lee,Arts and Entertainment,30.25951,-97.738188,129,"30.26078,-97.73808",7.6,0.9458120672601384,2.0
Augustine Cocktail Lounge,Cocktail Bar,30.259538,-97.738666,131,"30.26078,-97.73808",7.6,0.9559643916913947,3.0
Metcalf BBQ,BBQ Joint,30.259602,-97.73815,131,"30.26078,-97.73808",,0.7474579624134521,2.0
Augustine,Cocktail Bar,30.259649,-97.738718,139,"30.26078,-97.73808",,,
Idle Hands,Cocktail Bar,30.259527,-97.738323,142,"30.26078,-97.73808",,0.970057368941642,2.0
Garrison,American Restaurant,30.26207,-97.738411,149,"30.26078,-97.73808",6.6,0.9543659742828883,2.0
Revue,Bar,30.26207,-97.738411,152,"30.26078,-97.73808",,0.9468486646884273,
Three B's Tacos,Mexican Restaurant,30.259606,-97.738656,154,"30.26078,-97.73808",,0.8101918892185954,1.0
Good Things,Café,30.262095,-97.738338,185,"30.26078,-97.73808",6.5,0.9463659742828883,1.0
Torchy’S Tacos,Mexican Restaurant,30.245541,-97.751677,63,"30.24496,-97.75127",8.8,0.9918496538081107,2.0
Magnolia Cafe South,Restaurant,30.244454,-97.751846,71,"30.24496,-97.75127",8.4,0.9821167161226508,2.0
Magnolia Cafe's Office,Diner,30.244194,-97.751981,109,"30.24496,-97.75127",,,
Big Vinny's BBQ,BBQ Joint,30.245913,-97.751343,4985,"30.24496,-97.75127",,0.1320593471810089,2.0
UTea Pho,Sandwich Restaurant,30.286395,-97.745676,136,"30.2854,-97.74673",,0.9855588526211672,2.0
Nate's Kitchen,Southern / Soul Food Restaurant,30.293552,-97.743942,50,"30.29312,-97.74412",,,
Les Bobos Crepes,Creperie,30.292515,-97.743965,68,"30.29312,-97.74412",,,
University Towers Food Court,Buffet,30.287843,-97.746141,68,"30.28731,-97.7465",,,
Thundercloud Subs,Fast Food Restaurant,30.287747,-97.745673,93,"30.28731,-97.7465",,,
Arab Cowboy,Hookah Bar,30.287932,-97.746818,102,"30.28731,-97.7465",7.2,0.9505756676557864,2.0
Chef Hong,Chinese Restaurant,30.288003,-97.747359,130,"30.28731,-97.7465",,0.9437942631058358,1.0
UTea Pho,Sandwich Restaurant,30.286395,-97.745676,139,"30.28731,-97.7465",,0.9855588526211672,2.0
Raku Sushi and Asian Bistro,Asian Restaurant,30.286656,-97.74529,182,"30.28731,-97.7465",6.3,0.9553788328387735,2.0
Austin's Pizza,Pizzeria,30.286656,-97.74529,214,"30.28731,-97.7465",,0.897084075173096,1.0
Victorian Room at the Driskill,Music Venue,30.267948,-97.741708,25,"30.26756,-97.7415",7.8,0.9769337289812067,
Eureka,Restaurant,30.267766,-97.741115,36,"30.26756,-97.7415",8.4,0.9862868447082097,2.0
Friends Bar,Dive Bar,30.267766,-97.741115,49,"30.26756,-97.7415",7.1,0.9858516320474777,1.0
1886 Cafe & Bakery,Bakery,30.267948,-97.741708,53,"30.26756,-97.7415",8.5,0.9852502472799208,2.0
New York New York,Music Venue,30.267322,-97.740908,55,"30.26756,-97.7415",,0.871192878338279,2.0
Lit Lounge,Cocktail Bar,30.26734,-97.741043,59,"30.26756,-97.7415",6.1,0.8795964391691394,2.0
Firehouse Lounge,Cocktail Bar,30.267969,-97.741083,60,"30.26756,-97.7415",,,
The Buffalo Lounge,Bar,30.267848,-97.740688,69,"30.26756,-97.7415",,0.10881899109792285,2.0
Happy Chicks,Bar,30.267712,-97.740709,71,"30.26756,-97.7415",7.6,0.9369416419386746,2.0
The Parish,Rock Club,30.267675,-97.740759,72,"30.26756,-97.7415",,,
J. Stephens,Cocktail Bar,30.267848,-97.740688,77,"30.26756,-97.7415",,0.5954737883283877,3.0
The Chuggin' Monkey,Music Venue,30.26733,-97.7407,78,"30.26756,-97.7415",6.6,0.8537527200791296,1.0
Salesforce Cloud Lounge,Night Club,30.266989,-97.742064,83,"30.26756,-97.7415",,0.34583580613254206,3.0
Bbg's,Night Club,30.267848,-97.740688,84,"30.26756,-97.7415",,,
Creamy Wheels,Ice Cream Parlor,30.268044,-97.742176,84,"30.26756,-97.7415",,,
Venue 222,Music Venue,30.267626,-97.740584,91,"30.26756,-97.7415",,0.8540059347181009,
Eden Cocktail Room,Cocktail Bar,30.267958,-97.740666,91,"30.26756,-97.7415",,0.915188921859545,3.0
Jimmy John's,Deli,30.267851,-97.742551,93,"30.26756,-97.7415",6.6,0.916811078140455,1.0
Bat Bar,Night Club,30.267584,-97.740522,93,"30.26756,-97.7415",,,
The British Music Embassy,Arts and Entertainment,30.267083,-97.740669,95,"30.26756,-97.7415",,,
Darwin's Pub,Cocktail Bar,30.26733,-97.7407,97,"30.26756,-97.7415",6.7,0.9604272997032641,
The Squeezery,Coffee Shop,30.268448,-97.741561,98,"30.26756,-97.7415",,,
Latitude 30,Bar,30.267101,-97.740804,100,"30.26756,-97.7415",5.8,0.41797032640949555,2.0
Recess Arcade Bar,Bar,30.267626,-97.740584,101,"30.26756,-97.7415",5.9,0.9567398615232443,2.0
Dolph Briscoe Center for American History,History Museum,30.2674,-97.742552,102,"30.26756,-97.7415",,,
The Good Life Bar Bar,Lounge,30.266578,-97.741576,104,"30.26756,-97.7415",7.9,0.14888229475766568,2.0
Roxy,Night Club,30.267745,-97.740428,104,"30.26756,-97.7415",,,
Wax Myrtle's,Cocktail Bar,30.26684,-97.740833,105,"30.26756,-97.7415",7.7,0.9876557863501484,2.0
Floppy Disk Repair Co.,Speakeasy,30.266946,-97.742002,106,"30.26756,-97.7415",8.4,0.9844272997032641,3.0
Cava,Restaurant,30.267843,-97.74276,110,"30.26756,-97.7415",8.2,0.9758971315529179,2.0
Parkside,American Restaurant,30.267139,-97.740309,111,"30.26756,-97.7415",8.2,0.9730405539070227,3.0
The Driskill Bar,Hotel Bar,30.267923,-97.741781,116,"30.26756,-97.7415",8.5,0.9792838773491592,3.0
Pizzeria Papparazzi,Pizzeria,30.267505,-97.740189,116,"30.26756,-97.7415",5.8,0.8848189910979228,1.0
San Jac Saloon,Music Venue,30.267462,-97.740127,119,"30.26756,-97.7415",8.6,0.9854559841740851,3.0
Here Nor There,Cocktail Bar,30.268516,-97.741551,120,"30.26756,-97.7415",8.6,0.9689653808110782,3.0
Driskill Grill,American Restaurant,30.267955,-97.7415,128,"30.26756,-97.7415",7.8,0.8498674579624135,2.0
The Onion,Pizzeria,30.266377,-97.742159,128,"30.26756,-97.7415",6.5,0.9633313550939664,1.0
Valentine & Friends,Night Club,30.26719,-97.740169,134,"30.26756,-97.7415",,,
Slake Cafe,Café,30.268881,-97.741425,135,"30.26756,-97.7415",8.0,0.9492779426310584,1.0
The Nook Amphitheater,Music Venue,30.267097,-97.740252,140,"30.26756,-97.7415",6.7,0.877570722057369,
Frullati Cafe & Bakery,Bakery,30.266831,-97.74271,141,"30.26756,-97.7415",,,
Terminal Six,Arts and Entertainment,30.267487,-97.740054,150,"30.26756,-97.7415",,0.10189515331355094,
Midnight Cowboy,Cocktail Bar,30.267147,-97.740107,151,"30.26756,-97.7415",8.5,0.9650959446092977,3.0
Buck Wild,Bar,30.267487,-97.740054,153,"30.26756,-97.7415",5.4,0.9485103857566766,2.0
Upstairs at Caroline,Cocktail Bar,30.268716,-97.742279,159,"30.26756,-97.7415",8.4,0.9340613254203759,
The Dirty 6,Bar,30.267151,-97.740658,218,"30.26756,-97.7415",,0.8537131552917903,2.0
Toulouse,Bar,30.268417,-97.741518,257,"30.26756,-97.7415",5.9,0.282864490603363,1.0
Zax Pints & Plates,Bar,30.258956,-97.748213,59,"30.25866,-97.74895",7.2,0.8951691394658754,2.0
Zax Restaurant & Bar,Restaurant,30.258835,-97.748332,62,"30.25866,-97.74895",,,
Aussie's Volleybar & Grill,Sports Bar,30.258956,-97.748213,70,"30.25866,-97.74895",6.7,0.9830346191889219,1.0
Velvet Taco,Restaurant,30.268007,-97.743217,40,"30.26822,-97.74285",8.3,0.9925618199802176,1.0
Ze Crepes,Creperie,30.267966,-97.743219,45,"30.26822,-97.74285",,,
Cava,Restaurant,30.267843,-97.74276,50,"30.26822,-97.74285",8.2,0.9758971315529179,2.0
Punch Bowl Austin Congress,American Restaurant,30.268007,-97.743217,55,"30.26822,-97.74285",,0.9813728981206726,2.0
Jimmy John's,Deli,30.267851,-97.742551,57,"30.26822,-97.74285",6.6,0.916811078140455,1.0
Ruth's Chris Steak House,Restaurant,30.268135,-97.743465,63,"30.26822,-97.74285",7.8,0.975192878338279,4.0
Simi Estiatorio,American Restaurant,30.268105,-97.742374,67,"30.26822,-97.74285",,0.9066033630069238,2.0
Creamy Wheels,Ice Cream Parlor,30.268044,-97.742176,67,"30.26822,-97.74285",,,
Scarbrough Building Restaurant,Restaurant,30.267711,-97.743332,73,"30.26822,-97.74285",,,
Chick-Fil-A,American Restaurant,30.268432,-97.743586,74,"30.26822,-97.74285",,,
Upstairs at Caroline,Cocktail Bar,30.268716,-97.742279,83,"30.26822,-97.74285",8.4,0.9340613254203759,
1886 Cafe & Bakery,Bakery,30.267948,-97.741708,95,"30.26822,-97.74285",8.5,0.9852502472799208,2.0
Dolph Briscoe Center for American History,History Museum,30.2674,-97.742552,95,"30.26822,-97.74285",,,
Roaring Fork,American Restaurant,30.269081,-97.742153,103,"30.26822,-97.74285",7.7,0.9716478733926805,2.0
The Contemporary Austin - Jones Center,Museum,30.269177,-97.742621,106,"30.26822,-97.74285",8.6,0.9716003956478734,
Contemporary Austin,Museum,30.269177,-97.742621,108,"30.26822,-97.74285",,,
The Contemporary Austin La Dolce Vita,Art Museum,30.269177,-97.742621,108,"30.26822,-97.74285",,,
Comedor,Latin American Restaurant,30.267724,-97.744228,110,"30.26822,-97.74285",8.0,0.9790227497527201,1.0
Chinatown Westlake,Chinese Restaurant,30.267153,-97.743061,120,"30.26822,-97.74285",,,
Stephen F's Bar & Terrace,Hotel Bar,30.269174,-97.74207,123,"30.26822,-97.74285",7.1,0.9412462908011869,3.0
Driskill Grill,American Restaurant,30.267955,-97.7415,124,"30.26822,-97.74285",7.8,0.8498674579624135,2.0
Victorian Room at the Driskill,Music Venue,30.267948,-97.741708,126,"30.26822,-97.74285",7.8,0.9769337289812067,
The Squeezery,Coffee Shop,30.268448,-97.741561,126,"30.26822,-97.74285",,,
Summit Rooftop Lounge,Lounge,30.267689,-97.743957,127,"30.26822,-97.74285",,0.917895153313551,2.0
The Driskill Bar,Hotel Bar,30.267923,-97.741781,129,"30.26822,-97.74285",8.5,0.9792838773491592,3.0
Summit,Night Club,30.267621,-97.743968,129,"30.26822,-97.74285",7.1,0.9601740850642928,2.0
Small Victory,Cocktail Bar,30.268899,-97.74156,130,"30.26822,-97.74285",8.1,0.9544292779426311,3.0
House of the Rising Tanuki - San,Asian Restaurant,30.267578,-97.743905,132,"30.26822,-97.74285",,0.8652027695351138,2.0
Garage,Cocktail Bar,30.267868,-97.743998,135,"30.26822,-97.74285",8.6,0.9883363006923838,2.0
Svante's Stuffed Burger,Burger Joint,30.267724,-97.744228,143,"30.26822,-97.74285",,,
Perrys Steak House And,Steakhouse,30.269395,-97.743485,150,"30.26822,-97.74285",8.7,0.9960672601384768,3.0
Here Nor There,Cocktail Bar,30.268516,-97.741551,150,"30.26822,-97.74285",8.6,0.9689653808110782,3.0
Toulouse,Bar,30.268417,-97.741518,405,"30.26822,-97.74285",5.9,0.282864490603363,1.0
Evil Wiener,Hot Dog Joint,30.266935,-97.74297,1830,"30.26822,-97.74285",,0.6265163204747775,1.0
Frullati Cafe,Café,30.272569,-97.74099,27,"30.2726,-97.74127",,,
Blue Dalilia Bistro,Restaurant,30.272551,-97.740855,40,"30.2726,-97.74127",,,
My Thai Mom,Thai Restaurant,30.272121,-97.741543,69,"30.2726,-97.74127",6.4,0.9213293768545994,2.0
Old Bakery and Emporium,Bakery,30.272121,-97.741543,71,"30.2726,-97.74127",6.8,0.93902274975272,
Bob the Baker,Bakery,30.272794,-97.740333,92,"30.2726,-97.74127",,,
Quiznos,Fast Food Restaurant,30.271638,-97.741825,108,"30.2726,-97.74127",5.9,0.9483837784371909,1.0
Emojis Grilled Cheese Bar,Restaurant,30.271688,-97.741679,108,"30.2726,-97.74127",,,
Lavazza Espression,Coffee Shop,30.271392,-97.741794,135,"30.2726,-97.74127",6.6,0.18646884272997033,1.0
Chi'Lantro,Fast Food Restaurant,30.270176,-97.741776,21,"30.26978,-97.74224",8.3,0.13643521266073194,1.0
Caffé Medici,Coffee Shop,30.270247,-97.742317,38,"30.26978,-97.74224",8.6,0.9091196834817012,1.0
Hickory Street,Restaurant,30.270015,-97.74187,44,"30.26978,-97.74224",,,
Paramount Theatre for The Performing Arts,Music Venue,30.269403,-97.741965,49,"30.26978,-97.74224",,,
Chipotle Mexican Grill,Fast Food Restaurant,30.270015,-97.74187,57,"30.26978,-97.74224",7.6,0.974164193867458,1.0
The Contemporary Austin - Jones Center,Museum,30.269177,-97.742621,76,"30.26978,-97.74224",8.6,0.9716003956478734,
Contemporary Austin,Museum,30.269177,-97.742621,76,"30.26978,-97.74224",,,
The Contemporary Austin La Dolce Vita,Art Museum,30.269177,-97.742621,76,"30.26978,-97.74224",,,
Roaring Fork,American Restaurant,30.269081,-97.742153,83,"30.26978,-97.74224",7.7,0.9716478733926805,2.0
Stephen F's Bar & Terrace,Hotel Bar,30.269174,-97.74207,85,"30.26978,-97.74224",7.1,0.9412462908011869,3.0
Biderman's Deli,Bagel Shop,30.26984,-97.741069,94,"30.26978,-97.74224",7.2,0.24366369930761622,1.0
Upstairs at Caroline,Cocktail Bar,30.268716,-97.742279,107,"30.26978,-97.74224",8.4,0.9340613254203759,
Chi Lantro Catering Ll,BBQ Joint,30.27048,-97.741452,108,"30.26978,-97.74224",,,
Small Victory,Cocktail Bar,30.268899,-97.74156,120,"30.26978,-97.74224",8.1,0.9544292779426311,3.0
Product Test,Cajun / Creole Restaurant,30.26924,-97.741157,120,"30.26978,-97.74224",,,
Lucky Lab Coffee Co.,Coffee Shop,30.269321,-97.74108,124,"30.26978,-97.74224",,0.8974401582591494,1.0
Athenian Grill,Bar,30.269574,-97.743526,125,"30.26978,-97.74224",,,
The Hideout Th,Café,30.268555,-97.742373,136,"30.26978,-97.74224",,,
Perrys Steak House And,Steakhouse,30.269395,-97.743485,145,"30.26978,-97.74224",8.7,0.9960672601384768,3.0
Slake Cafe,Café,30.268881,-97.741425,152,"30.26978,-97.74224",8.0,0.9492779426310584,1.0
The Iron Bear,Night Club,30.269989,-97.743255,303,"30.26978,-97.74224",7.4,0.9868328387734916,1.0
Barton Springs Splash! Exhibit,Science Museum,30.264871,-97.768418,40,"30.2659,-97.76822",8.4,0.4034975272007913,
Guero's Taco Bar,Mexican Restaurant,30.248901,-97.750327,27,"30.24891,-97.75019",7.8,0.987782393669634,2.0
Home Slice Pizza,Pizzeria,30.249288,-97.749577,42,"30.24891,-97.75019",9.3,0.9974520276953511,2.0
More Home Slice,Pizzeria,30.249288,-97.749577,56,"30.24891,-97.75019",8.6,0.907948565776459,2.0
Hopdoddy Burger Bar,Bar,30.24961,-97.749881,86,"30.24891,-97.75019",9.3,0.9831058358061325,2.0
The Mighty Cone,Ice Cream Parlor,30.247924,-97.750548,114,"30.24891,-97.75019",,,
Perla's,Seafood Restaurant,30.249749,-97.749919,117,"30.24891,-97.75019",8.8,0.9809930761622156,3.0
Divercity Grill,Sandwich Restaurant,30.247899,-97.75062,119,"30.24891,-97.75019",,,
Burro Artisan Grilled Cheese,Sandwich Restaurant,30.247692,-97.7501,121,"30.24891,-97.75019",8.1,0.8750148367952523,1.0
Coat & Thai,Thai Restaurant,30.247788,-97.750569,129,"30.24891,-97.75019",,,
Otoko,Sushi Restaurant,30.247581,-97.750049,138,"30.24891,-97.75019",8.4,0.8760751730959446,2.0
GFY Kitchen,Bakery,30.267365,-97.746769,40,"30.26727,-97.74718",,,
Domino's Pizza,Pizzeria,30.267755,-97.74657,76,"30.26727,-97.74718",6.5,0.7092700296735905,1.0
Perfect Strangers,Restaurant,30.267122,-97.745978,94,"30.26727,-97.74718",,0.9869910979228487,2.0
Macs Meals,Café,30.266567,-97.747031,100,"30.26727,-97.74718",,0.034627101879327396,1.0
The Roosevelt Room & E,Music Venue,30.267634,-97.746175,110,"30.26727,-97.74718",9.1,0.9938991097922849,3.0
Rebels Honky Tonk,Night Club,30.267752,-97.746018,123,"30.26727,-97.74718",,,
Hudson On Fifth,Wine Bar,30.267709,-97.745956,127,"30.26727,-97.74718",,,
The Eleanor,Night Club,30.267702,-97.746164,135,"30.26727,-97.74718",6.8,0.8760356083086054,1.0
Turf N Surf Po' Boy,American Restaurant,30.267044,-97.745645,139,"30.26727,-97.74718",8.7,0.8883165182987142,2.0
Lavaca Street Bar & Grill,Bar,30.267121,-97.745692,140,"30.26727,-97.74718",7.5,0.9865875370919881,2.0
Group Therapy,Restaurant,30.267122,-97.745978,187,"30.26727,-97.74718",,0.9745281899109792,2.0
Zax Restaurant & Bar,Restaurant,30.258835,-97.748332,146,"30.25941,-97.74971",,,
Capitol Cafe,Restaurant,30.272255,-97.738346,126,"30.27336,-97.73805",,,
Capitol Visitors Center,History Museum,30.272652,-97.739251,145,"30.27336,-97.73805",9.0,0.964431256181998,
